"trade_id","symbol","action","quantity","cost_basis","date","description","created_at","modified_at","custodian"
1,"SIRI","BUY",1,0,"2020-06-19 13:30:00+00",,"2022-11-24 12:40:21.323924+00","2022-11-24 12:40:21.323924+00","ROBINHOOD"
2,"AMAG","BUY",1,8.09,"2020-06-23 13:30:00+00",,"2022-11-24 12:40:21.373687+00","2022-11-24 12:40:21.373687+00","ROBINHOOD"
3,"SONO","BUY",1,14.24,"2020-06-23 13:30:00+00",,"2022-11-24 12:40:21.379521+00","2022-11-24 12:40:21.379521+00","ROBINHOOD"
4,"GPS","BUY",1,11.63,"2020-06-23 13:30:00+00",,"2022-11-24 12:40:21.384392+00","2022-11-24 12:40:21.384392+00","ROBINHOOD"
5,"SNAP","BUY",2,23.78,"2020-06-23 18:45:00+00",,"2022-11-24 12:40:21.389331+00","2022-11-24 12:40:21.389331+00","ROBINHOOD"
6,"MSFT","BUY",1,201.9,"2020-06-24 13:30:00+00",,"2022-11-24 12:40:21.392916+00","2022-11-24 12:40:21.392916+00","ROBINHOOD"
7,"TWTR","BUY",5,32.67,"2020-06-24 13:31:00+00",,"2022-11-24 12:40:21.396186+00","2022-11-24 12:40:21.396186+00","ROBINHOOD"
8,"AAPL","BUY",1,360,"2020-06-24 15:40:00+00",,"2022-11-24 12:40:21.399366+00","2022-11-24 12:40:21.399366+00","ROBINHOOD"
9,"SIRI","SELL",1,5.81,"2020-06-25 19:27:00+00",,"2022-11-24 12:40:21.409261+00","2022-11-24 12:40:21.409261+00","ROBINHOOD"
10,"TWTR","SELL",5,31.1,"2020-06-26 13:30:00+00",,"2022-11-24 12:40:21.429581+00","2022-11-24 12:40:21.429581+00","ROBINHOOD"
11,"GPS","BUY",5,13.22,"2020-06-26 13:39:00+00",,"2022-11-24 12:40:21.436047+00","2022-11-24 12:40:21.436047+00","ROBINHOOD"
12,"GPS","SELL",6,12.98,"2020-06-26 15:10:00+00",,"2022-11-24 12:40:21.441649+00","2022-11-24 12:40:21.44165+00","ROBINHOOD"
13,"SPOT","BUY",1,264.53,"2020-06-30 13:06:00+00",,"2022-11-24 12:40:21.450752+00","2022-11-24 12:40:21.450752+00","ROBINHOOD"
14,"SPOT","BUY",0.1,257.9,"2020-06-30 21:50:00+00",,"2022-11-24 12:40:21.455778+00","2022-11-24 12:40:21.455778+00","ROBINHOOD"
15,"TSLA","BUY",0.027884,1075.89,"2020-06-30 21:52:00+00",,"2022-11-24 12:40:21.46043+00","2022-11-24 12:40:21.460431+00","ROBINHOOD"
16,"AMZN","BUY",0.01088,2757.35,"2020-06-30 21:53:00+00",,"2022-11-24 12:40:21.465097+00","2022-11-24 12:40:21.465097+00","ROBINHOOD"
17,"BTC","BUY",0.00109181,9159.12,"2020-07-01 11:04:00+00",,"2022-11-24 12:40:21.470989+00","2022-11-24 12:40:21.470989+00","ROBINHOOD"
18,"GOOG","BUY",0.070812,1412.19,"2020-07-01 13:31:00+00",,"2022-11-24 12:40:21.476625+00","2022-11-24 12:40:21.476625+00","ROBINHOOD"
19,"META","BUY",0.219127,228.18,"2020-07-01 13:31:00+00",,"2022-11-24 12:40:21.481273+00","2022-11-24 12:40:21.481273+00","ROBINHOOD"
20,"AMAG","SELL",1,8.38,"2020-07-02 13:30:00+00",,"2022-11-24 12:40:21.48883+00","2022-11-24 12:40:21.48883+00","ROBINHOOD"
21,"SONO","SELL",1,15,"2020-07-02 13:30:00+00",,"2022-11-24 12:40:21.498444+00","2022-11-24 12:40:21.498444+00","ROBINHOOD"
22,"AMZN","BUY",0.008609,2903.94,"2020-07-02 13:31:00+00",,"2022-11-24 12:40:21.506109+00","2022-11-24 12:40:21.506109+00","ROBINHOOD"
23,"TSLA","BUY",0.014218,1406.67,"2020-07-07 13:31:00+00",,"2022-11-24 12:40:21.511257+00","2022-11-24 12:40:21.511257+00","ROBINHOOD"
24,"BTC","BUY",0.00211965,9435.42,"2020-07-08 14:36:00+00",,"2022-11-24 12:40:21.516518+00","2022-11-24 12:40:21.516518+00","ROBINHOOD"
25,"UBER","BUY",2,33.43,"2020-07-08 14:42:00+00",,"2022-11-24 12:40:21.522042+00","2022-11-24 12:40:21.522043+00","ROBINHOOD"
26,"SPOT","SELL",0.779787,270.05,"2020-07-08 14:46:00+00",,"2022-11-24 12:40:21.530185+00","2022-11-24 12:40:21.530185+00","ROBINHOOD"
27,"META","BUY",0.415101,240.91,"2020-07-08 14:49:00+00",,"2022-11-24 12:40:21.537869+00","2022-11-24 12:40:21.537869+00","ROBINHOOD"
28,"TSLA","SELL",0.042102,1397.8,"2020-07-08 14:51:00+00",,"2022-11-24 12:40:21.545328+00","2022-11-24 12:40:21.545328+00","ROBINHOOD"
29,"AMZN","BUY",0.006558,3049.71,"2020-07-08 14:59:00+00",,"2022-11-24 12:40:21.555678+00","2022-11-24 12:40:21.555678+00","ROBINHOOD"
30,"UBER","BUY",1,34.2,"2020-07-09 13:30:00+00",,"2022-11-24 12:40:21.560319+00","2022-11-24 12:40:21.560319+00","ROBINHOOD"
31,"AMZN","BUY",0.032027,3122.37,"2020-07-09 13:35:00+00",,"2022-11-24 12:40:21.565467+00","2022-11-24 12:40:21.565467+00","ROBINHOOD"
32,"META","BUY",0.366,247.08,"2020-07-13 13:30:00+00",,"2022-11-24 12:40:21.57069+00","2022-11-24 12:40:21.57069+00","ROBINHOOD"
33,"GOOGL","BUY",0.1,1548.8,"2020-07-13 13:30:00+00",,"2022-11-24 12:40:21.57582+00","2022-11-24 12:40:21.575821+00","ROBINHOOD"
34,"UBER","SELL",3,33.14,"2020-07-13 13:30:00+00",,"2022-11-24 12:40:21.583919+00","2022-11-24 12:40:21.58392+00","ROBINHOOD"
35,"SQ","BUY",1,131,"2020-07-13 13:31:00+00",,"2022-11-24 12:40:21.595052+00","2022-11-24 12:40:21.595053+00","ROBINHOOD"
36,"AMZN","BUY",0.030777,3249.18,"2020-07-13 13:32:00+00",,"2022-11-24 12:40:21.59975+00","2022-11-24 12:40:21.59975+00","ROBINHOOD"
37,"AMZN","BUY",0.047835,3135.78,"2020-07-13 19:43:00+00",,"2022-11-24 12:40:21.604799+00","2022-11-24 12:40:21.604799+00","ROBINHOOD"
38,"AAPL","BUY",0.613348,384.61,"2020-07-14 13:46:00+00",,"2022-11-24 12:40:21.609461+00","2022-11-24 12:40:21.609461+00","ROBINHOOD"
39,"SPOT","SELL",0.320213,290.03,"2020-07-22 19:51:00+00",,"2022-11-24 12:40:21.616943+00","2022-11-24 12:40:21.616943+00","ROBINHOOD"
40,"SNAP","BUY",3.997847,23.23,"2020-07-22 19:51:00+00",,"2022-11-24 12:40:21.626905+00","2022-11-24 12:40:21.626905+00","ROBINHOOD"
41,"BTC","SELL",0.00321146,9371.52,"2020-07-22 20:21:00+00",,"2022-11-24 12:40:21.635423+00","2022-11-24 12:40:21.635423+00","ROBINHOOD"
42,"TSLA","BUY",0.018463,1624.87,"2020-07-22 20:21:00+00",,"2022-11-24 12:40:21.646198+00","2022-11-24 12:40:21.646199+00","ROBINHOOD"
43,"TSLA","SELL",0.018463,1679.03,"2020-07-23 13:30:00+00",,"2022-11-24 12:40:21.65348+00","2022-11-24 12:40:21.653481+00","ROBINHOOD"
44,"SNAP","BUY",0.002153,23.22,"2020-07-27 13:30:00+00",,"2022-11-24 12:40:21.661016+00","2022-11-24 12:40:21.661016+00","ROBINHOOD"
45,"SQ","SELL",1,131,"2020-07-29 21:37:00+00",,"2022-11-24 12:40:21.668856+00","2022-11-24 12:40:21.668857+00","ROBINHOOD"
46,"AAPL","BUY",0.34225,438.28,"2020-08-05 16:05:00+00",,"2022-11-24 12:40:21.678411+00","2022-11-24 12:40:21.678411+00","ROBINHOOD"
47,"AMZN","SELL",0.125219,3194.4,"2020-08-06 13:30:00+00",,"2022-11-24 12:40:21.686324+00","2022-11-24 12:40:21.686324+00","ROBINHOOD"
48,"META","SELL",0.000228,263.16,"2020-08-07 13:30:00+00",,"2022-11-24 12:40:21.709852+00","2022-11-24 12:40:21.709852+00","ROBINHOOD"
49,"AAPL","SELL",7,114.55,"2020-09-04 13:57:00+00",,"2022-11-24 12:40:21.776904+00","2022-11-24 12:40:21.776904+00","ROBINHOOD"
50,"MSFT","SELL",1,205.01,"2020-09-08 18:42:00+00",,"2022-11-24 12:40:21.792259+00","2022-11-24 12:40:21.792259+00","ROBINHOOD"
51,"AMZN","SELL",0.011467,3308.62,"2020-09-10 13:30:00+00",,"2022-11-24 12:40:21.802043+00","2022-11-24 12:40:21.802043+00","ROBINHOOD"
52,"META","SELL",1,258,"2020-09-17 13:30:00+00",,"2022-11-24 12:40:21.812317+00","2022-11-24 12:40:21.812318+00","ROBINHOOD"
53,"META","BUY",1,264.46,"2020-10-09 13:30:00+00",,"2022-11-24 12:40:21.824892+00","2022-11-24 12:40:21.824892+00","ROBINHOOD"
54,"TSLA","BUY",1,430.13,"2020-10-09 13:30:00+00",,"2022-11-24 12:40:21.82975+00","2022-11-24 12:40:21.82975+00","ROBINHOOD"
55,"AAPL","BUY",3.177608,116.11,"2020-10-20 13:30:00+00",,"2022-11-24 12:40:21.834234+00","2022-11-24 12:40:21.834234+00","ROBINHOOD"
56,"AAPL","BUY",4,113.97,"2020-10-26 13:30:00+00",,"2022-11-24 12:40:21.839137+00","2022-11-24 12:40:21.839137+00","ROBINHOOD"
57,"AMZN","BUY",0.05,3196,"2020-10-26 13:30:00+00",,"2022-11-24 12:40:21.843826+00","2022-11-24 12:40:21.843827+00","ROBINHOOD"
58,"TSLA","BUY",1,410.94,"2020-10-26 13:30:00+00",,"2022-11-24 12:40:21.848637+00","2022-11-24 12:40:21.848638+00","ROBINHOOD"
59,"CRM","BUY",2,248,"2020-10-27 13:30:00+00",,"2022-11-24 12:40:21.853465+00","2022-11-24 12:40:21.853465+00","ROBINHOOD"
60,"SAP","BUY",1,117.58,"2020-10-27 13:37:00+00",,"2022-11-24 12:40:21.858394+00","2022-11-24 12:40:21.858394+00","ROBINHOOD"
61,"TSLA","SELL",2,421,"2020-11-04 16:01:00+00",,"2022-11-24 12:40:21.865422+00","2022-11-24 12:40:21.865422+00","ROBINHOOD"
62,"META","SELL",1,279.88,"2020-11-09 20:55:00+00",,"2022-11-24 12:40:21.87615+00","2022-11-24 12:40:21.87615+00","ROBINHOOD"
63,"SNAP","SELL",6,39.93,"2020-11-10 14:30:00+00",,"2022-11-24 12:40:21.88639+00","2022-11-24 12:40:21.88639+00","ROBINHOOD"
64,"CRM","SELL",1,244.92,"2020-11-10 15:27:00+00",,"2022-11-24 12:40:21.901191+00","2022-11-24 12:40:21.901191+00","ROBINHOOD"
65,"CRM","SELL",1,244.09,"2020-11-10 15:52:00+00",,"2022-11-24 12:40:21.910888+00","2022-11-24 12:40:21.910888+00","ROBINHOOD"
66,"META","BUY",2,270,"2020-11-10 16:41:00+00",,"2022-11-24 12:40:21.918408+00","2022-11-24 12:40:21.918408+00","ROBINHOOD"
67,"TSLA","BUY",2,408.92,"2020-11-10 16:51:00+00",,"2022-11-24 12:40:21.92384+00","2022-11-24 12:40:21.923841+00","ROBINHOOD"
68,"SNAP","BUY",3,38.39,"2020-11-10 16:52:00+00",,"2022-11-24 12:40:21.928355+00","2022-11-24 12:40:21.928355+00","ROBINHOOD"
69,"MSFT","BUY",1,212.11,"2020-11-10 16:52:00+00",,"2022-11-24 12:40:21.933152+00","2022-11-24 12:40:21.933152+00","ROBINHOOD"
70,"DDOG","BUY",1,90.05,"2020-11-12 15:16:00+00",,"2022-11-24 12:40:21.938224+00","2022-11-24 12:40:21.938224+00","ROBINHOOD"
71,"AMZN","BUY",0.05,3153,"2020-11-12 15:38:00+00",,"2022-11-24 12:40:21.942786+00","2022-11-24 12:40:21.942786+00","ROBINHOOD"
72,"GLD","BUY",3,177.41,"2020-11-13 16:51:00+00",,"2022-11-24 12:40:21.947574+00","2022-11-24 12:40:21.947574+00","ROBINHOOD"
73,"AAPL","BUY",0.013732,119.43,"2020-11-13 19:26:00+00",,"2022-11-24 12:40:21.952015+00","2022-11-24 12:40:21.952015+00","ROBINHOOD"
74,"MSFT","BUY",1,216.1,"2020-11-17 14:30:00+00",,"2022-11-24 12:40:21.956979+00","2022-11-24 12:40:21.956979+00","ROBINHOOD"
75,"CRM","BUY",2,247.65,"2020-11-25 21:51:00+00",,"2022-11-24 12:40:21.961554+00","2022-11-24 12:40:21.961554+00","ROBINHOOD"
76,"VYM","BUY",1,89.81,"2020-11-30 14:51:00+00",,"2022-11-24 12:40:21.966622+00","2022-11-24 12:40:21.966622+00","ROBINHOOD"
77,"SPYD","BUY",3,32.71,"2020-11-30 14:52:00+00",,"2022-11-24 12:40:21.971519+00","2022-11-24 12:40:21.971519+00","ROBINHOOD"
78,"SPG","BUY",2,85.66,"2020-11-30 14:56:00+00",,"2022-11-24 12:40:21.976459+00","2022-11-24 12:40:21.976459+00","ROBINHOOD"
79,"NVDA","BUY",0.28142,533.01,"2020-11-30 14:58:00+00",,"2022-11-24 12:40:21.980933+00","2022-11-24 12:40:21.980933+00","ROBINHOOD"
80,"TSLA","SELL",2,575.6,"2020-11-30 15:28:00+00",,"2022-11-24 12:40:21.987974+00","2022-11-24 12:40:21.987974+00","ROBINHOOD"
81,"TSLA","BUY",1,562.7,"2020-12-02 13:58:00+00",,"2022-11-24 12:40:21.995458+00","2022-11-24 12:40:21.995459+00","ROBINHOOD"
82,"TSLA","BUY",1,560.01,"2020-12-02 14:06:00+00",,"2022-11-24 12:40:22.000234+00","2022-11-24 12:40:22.000234+00","ROBINHOOD"
83,"SAP","SELL",1,122.41,"2020-12-02 14:06:00+00",,"2022-11-24 12:40:22.007696+00","2022-11-24 12:40:22.007696+00","ROBINHOOD"
84,"NIO","BUY",1,40.15,"2020-12-02 14:08:00+00",,"2022-11-24 12:40:22.015205+00","2022-11-24 12:40:22.015205+00","ROBINHOOD"
85,"CRM","BUY",1,225.86,"2020-12-02 14:30:00+00",,"2022-11-24 12:40:22.020318+00","2022-11-24 12:40:22.020318+00","ROBINHOOD"
86,"GLD","SELL",3,175.45,"2020-12-08 22:15:00+00",,"2022-11-24 12:40:22.027742+00","2022-11-24 12:40:22.027742+00","ROBINHOOD"
87,"META","SELL",2,283.42,"2020-12-08 22:16:00+00",,"2022-11-24 12:40:22.037835+00","2022-11-24 12:40:22.037835+00","ROBINHOOD"
88,"NIO","SELL",1,46.6,"2020-12-08 22:17:00+00",,"2022-11-24 12:40:22.047441+00","2022-11-24 12:40:22.047441+00","ROBINHOOD"
89,"NVDA","SELL",0.28142,534.18,"2020-12-08 22:18:00+00",,"2022-11-24 12:40:22.057535+00","2022-11-24 12:40:22.057535+00","ROBINHOOD"
90,"SPG","SELL",2,90,"2020-12-08 22:18:00+00",,"2022-11-24 12:40:22.067334+00","2022-11-24 12:40:22.067334+00","ROBINHOOD"
91,"DDOG","SELL",1,99.86,"2020-12-08 22:19:00+00",,"2022-11-24 12:40:22.077803+00","2022-11-24 12:40:22.077803+00","ROBINHOOD"
92,"VYM","SELL",1,92,"2020-12-08 22:20:00+00",,"2022-11-24 12:40:22.11115+00","2022-11-24 12:40:22.11115+00","ROBINHOOD"
93,"SPYD","SELL",3,33.82,"2020-12-08 22:20:00+00",,"2022-11-24 12:40:22.121656+00","2022-11-24 12:40:22.121656+00","ROBINHOOD"
94,"GOOGL","SELL",0.1,1805.7,"2020-12-08 22:21:00+00",,"2022-11-24 12:40:22.131839+00","2022-11-24 12:40:22.131839+00","ROBINHOOD"
95,"AMZN","SELL",0.022373,3128.77,"2020-12-10 15:50:00+00",,"2022-11-24 12:40:22.141629+00","2022-11-24 12:40:22.141629+00","ROBINHOOD"
96,"CRM","SELL",0.902926,221.5,"2020-12-10 19:45:00+00",,"2022-11-24 12:40:22.151501+00","2022-11-24 12:40:22.151501+00","ROBINHOOD"
97,"ABNB","BUY",1,145.7,"2020-12-10 19:46:00+00",,"2022-11-24 12:40:22.182573+00","2022-11-24 12:40:22.182573+00","ROBINHOOD"
98,"CRM","SELL",0.225794,221.44,"2020-12-10 19:47:00+00",,"2022-11-24 12:40:22.191315+00","2022-11-24 12:40:22.191315+00","ROBINHOOD"
99,"ABNB","BUY",1,146.7,"2020-12-10 19:48:00+00",,"2022-11-24 12:40:22.20013+00","2022-11-24 12:40:22.20013+00","ROBINHOOD"
100,"GOOG","BUY",0.016982,1766.58,"2020-12-10 19:48:00+00",,"2022-11-24 12:40:22.205989+00","2022-11-24 12:40:22.205989+00","ROBINHOOD"
101,"TEAM","BUY",0.442859,225.81,"2020-12-10 19:52:00+00",,"2022-11-24 12:40:22.211152+00","2022-11-24 12:40:22.211152+00","ROBINHOOD"
102,"MSFT","SELL",0.474732,210.65,"2020-12-10 19:52:00+00",,"2022-11-24 12:40:22.219702+00","2022-11-24 12:40:22.219702+00","ROBINHOOD"
103,"ABNB","SELL",2,129.95,"2020-12-14 19:09:00+00",,"2022-11-24 12:40:22.229947+00","2022-11-24 12:40:22.229947+00","ROBINHOOD"
104,"TEAM","BUY",0.298087,234.83,"2020-12-15 14:30:00+00",,"2022-11-24 12:40:22.240937+00","2022-11-24 12:40:22.240937+00","ROBINHOOD"
105,"CRM","BUY",0.292695,222.07,"2020-12-15 14:30:00+00",,"2022-11-24 12:40:22.246403+00","2022-11-24 12:40:22.246403+00","ROBINHOOD"
106,"GOOG","BUY",0.073681,1764.36,"2020-12-15 14:30:00+00",,"2022-11-24 12:40:22.251413+00","2022-11-24 12:40:22.251413+00","ROBINHOOD"
107,"CRM","SELL",2.163975,222.91,"2021-01-04 14:30:00+00",,"2022-11-24 12:40:22.25895+00","2022-11-24 12:40:22.25895+00","ROBINHOOD"
108,"ETH","BUY",0.202218,989.3,"2021-01-05 05:59:00+00",,"2022-11-24 12:40:22.270867+00","2022-11-24 12:40:22.270868+00","ROBINHOOD"
109,"BTC","BUY",0.00654539,30538.31,"2021-01-05 06:00:00+00",,"2022-11-24 12:40:22.275655+00","2022-11-24 12:40:22.275655+00","ROBINHOOD"
110,"MSFT","SELL",0.918677,217.7,"2021-01-05 14:59:00+00",,"2022-11-24 12:40:22.284501+00","2022-11-24 12:40:22.284501+00","ROBINHOOD"
111,"CRM","BUY",0.913378,218.97,"2021-01-05 15:01:00+00",,"2022-11-24 12:40:22.29488+00","2022-11-24 12:40:22.29488+00","ROBINHOOD"
112,"SQ","BUY",0.369785,223.08,"2021-01-05 15:02:00+00",,"2022-11-24 12:40:22.300457+00","2022-11-24 12:40:22.300457+00","ROBINHOOD"
113,"SNAP","BUY",0.745642,53.6,"2021-01-14 15:29:00+00",,"2022-11-24 12:40:22.30532+00","2022-11-24 12:40:22.30532+00","ROBINHOOD"
114,"UAL","BUY",2.575628,46.59,"2021-01-14 15:29:00+00",,"2022-11-24 12:40:22.310411+00","2022-11-24 12:40:22.310411+00","ROBINHOOD"
115,"BTC","BUY",0.00050171,39870.57,"2021-01-14 15:29:00+00",,"2022-11-24 12:40:22.315658+00","2022-11-24 12:40:22.315659+00","ROBINHOOD"
116,"ABNB","BUY",0.166215,180.49,"2021-01-14 15:34:00+00",,"2022-11-24 12:40:22.320742+00","2022-11-24 12:40:22.320742+00","ROBINHOOD"
117,"SNAP","BUY",0.801603,49.9,"2021-01-14 17:46:00+00",,"2022-11-24 12:40:22.326472+00","2022-11-24 12:40:22.326472+00","ROBINHOOD"
118,"DOGE","BUY",51,0.00936,"2021-01-16 04:37:00+00",,"2022-11-24 12:40:22.332252+00","2022-11-24 12:40:22.332252+00","ROBINHOOD"
119,"UAL","SELL",2.575628,40.86,"2021-01-27 15:10:00+00",,"2022-11-24 12:40:22.340087+00","2022-11-24 12:40:22.340087+00","ROBINHOOD"
120,"GME","BUY",0.376688,278.75,"2021-01-27 15:10:00+00",,"2022-11-24 12:40:22.348338+00","2022-11-24 12:40:22.348338+00","ROBINHOOD"
121,"GOOG","SELL",0.053621,1864.94,"2021-01-27 15:31:00+00",,"2022-11-24 12:40:22.356229+00","2022-11-24 12:40:22.356229+00","ROBINHOOD"
122,"AMC","BUY",5.813967,17.2,"2021-01-27 15:35:00+00",,"2022-11-24 12:40:22.363829+00","2022-11-24 12:40:22.36383+00","ROBINHOOD"
123,"GME","SELL",0.298998,334.45,"2021-01-27 18:07:00+00",,"2022-11-24 12:40:22.371477+00","2022-11-24 12:40:22.371477+00","ROBINHOOD"
124,"SNAP","BUY",0.49417,50.59,"2021-01-27 18:08:00+00",,"2022-11-24 12:40:22.379376+00","2022-11-24 12:40:22.379376+00","ROBINHOOD"
125,"GOOG","BUY",0.01353,1847.75,"2021-01-27 18:08:00+00",,"2022-11-24 12:40:22.384522+00","2022-11-24 12:40:22.384522+00","ROBINHOOD"
126,"DASH","BUY",0.121356,206.01,"2021-01-27 18:09:00+00",,"2022-11-24 12:40:22.389881+00","2022-11-24 12:40:22.389881+00","ROBINHOOD"
127,"ABNB","BUY",0.122555,203.99,"2021-01-27 18:09:00+00",,"2022-11-24 12:40:22.395277+00","2022-11-24 12:40:22.395277+00","ROBINHOOD"
128,"GME","SELL",0.07769,317.67,"2021-01-27 22:46:00+00",,"2022-11-24 12:40:22.402936+00","2022-11-24 12:40:22.402936+00","ROBINHOOD"
129,"DOGE","SELL",10,0.025384,"2021-01-28 19:32:00+00",,"2022-11-24 12:40:22.413867+00","2022-11-24 12:40:22.413867+00","ROBINHOOD"
130,"BTC","BUY",0.00075877,32730.56,"2021-01-28 19:32:00+00",,"2022-11-24 12:40:22.420765+00","2022-11-24 12:40:22.420765+00","ROBINHOOD"
131,"DOGE","BUY",13,0.025181,"2021-01-28 19:33:00+00",,"2022-11-24 12:40:22.425506+00","2022-11-24 12:40:22.425506+00","ROBINHOOD"
132,"AMZN","SELL",0.015508,3224.14,"2021-01-29 14:30:00+00",,"2022-11-24 12:40:22.433319+00","2022-11-24 12:40:22.433319+00","ROBINHOOD"
133,"DOGE","BUY",831,0.06006,"2021-01-29 15:12:00+00",,"2022-11-24 12:40:22.44161+00","2022-11-24 12:40:22.44161+00","ROBINHOOD"
134,"AMC","SELL",2.789465,7.17,"2021-02-05 14:30:00+00",,"2022-11-24 12:40:22.449299+00","2022-11-24 12:40:22.449299+00","ROBINHOOD"
135,"AMC","SELL",3.024502,7.01,"2021-02-05 16:41:00+00",,"2022-11-24 12:40:22.459578+00","2022-11-24 12:40:22.459578+00","ROBINHOOD"
136,"CRM","SELL",0.842229,237.47,"2021-02-05 16:43:00+00",,"2022-11-24 12:40:22.469654+00","2022-11-24 12:40:22.469655+00","ROBINHOOD"
137,"ABNB","BUY",0.212006,193.39,"2021-02-05 16:43:00+00",,"2022-11-24 12:40:22.477313+00","2022-11-24 12:40:22.477313+00","ROBINHOOD"
138,"DASH","SELL",0.121356,184.83,"2021-02-05 16:44:00+00",,"2022-11-24 12:40:22.485891+00","2022-11-24 12:40:22.485891+00","ROBINHOOD"
139,"MSFT","SELL",0.606591,241.2,"2021-02-05 16:45:00+00",,"2022-11-24 12:40:22.495746+00","2022-11-24 12:40:22.495746+00","ROBINHOOD"
140,"ABNB","BUY",0.5,193.5,"2021-02-05 16:46:00+00",,"2022-11-24 12:40:22.504929+00","2022-11-24 12:40:22.504929+00","ROBINHOOD"
141,"SQ","BUY",0.64,238.34,"2021-02-05 16:47:00+00",,"2022-11-24 12:40:22.510739+00","2022-11-24 12:40:22.510739+00","ROBINHOOD"
142,"TEAM","BUY",0.25,241.92,"2021-02-05 16:48:00+00",,"2022-11-24 12:40:22.51588+00","2022-11-24 12:40:22.51588+00","ROBINHOOD"
143,"CRM","SELL",0.071149,237.67,"2021-02-05 16:48:00+00",,"2022-11-24 12:40:22.52488+00","2022-11-24 12:40:22.52488+00","ROBINHOOD"
144,"ETH","BUY",0.028852,1732.78,"2021-02-05 16:49:00+00",,"2022-11-24 12:40:22.532734+00","2022-11-24 12:40:22.532734+00","ROBINHOOD"
145,"BTC","BUY",0.00065863,37951.13,"2021-02-05 16:50:00+00",,"2022-11-24 12:40:22.537546+00","2022-11-24 12:40:22.537546+00","ROBINHOOD"
146,"AMZN","SELL",0.062119,3327.65,"2021-02-05 16:51:00+00",,"2022-11-24 12:40:22.544048+00","2022-11-24 12:40:22.544048+00","ROBINHOOD"
147,"BTC","BUY",0.00065966,37897.62,"2021-02-05 16:51:00+00",,"2022-11-24 12:40:22.550572+00","2022-11-24 12:40:22.550572+00","ROBINHOOD"
148,"AAPL","BUY",0.731876,136.64,"2021-02-05 16:56:00+00",,"2022-11-24 12:40:22.554385+00","2022-11-24 12:40:22.554385+00","ROBINHOOD"
149,"DOGE","SELL",885,0.057074,"2021-02-07 04:14:00+00",,"2022-11-24 12:40:22.559336+00","2022-11-24 12:40:22.559336+00","ROBINHOOD"
150,"SPY","BUY",1.285175,389.05,"2021-02-08 19:35:00+00",,"2022-11-24 12:40:22.571276+00","2022-11-24 12:40:22.571276+00","ROBINHOOD"
151,"ABNB","BUY",1,200.71,"2021-02-08 19:55:00+00",,"2022-11-24 12:40:22.576325+00","2022-11-24 12:40:22.576325+00","ROBINHOOD"
152,"UAL","BUY",2.272727,44,"2021-02-09 14:30:00+00",,"2022-11-24 12:40:22.580736+00","2022-11-24 12:40:22.580736+00","ROBINHOOD"
153,"SPY","SELL",0.768619,390.31,"2021-02-09 18:45:00+00",,"2022-11-24 12:40:22.587332+00","2022-11-24 12:40:22.587332+00","ROBINHOOD"
154,"TSLA","BUY",0.122943,813.39,"2021-02-10 16:49:00+00",,"2022-11-24 12:40:22.592289+00","2022-11-24 12:40:22.592289+00","ROBINHOOD"
155,"ETH","BUY",0.057468,1739.86,"2021-02-10 18:04:00+00",,"2022-11-24 12:40:22.595886+00","2022-11-24 12:40:22.595886+00","ROBINHOOD"
156,"BTC","BUY",0.00221651,45116.46,"2021-02-10 18:04:00+00",,"2022-11-24 12:40:22.59959+00","2022-11-24 12:40:22.59959+00","ROBINHOOD"
157,"AAPL","BUY",0.369631,135.27,"2021-02-10 22:11:00+00",,"2022-11-24 12:40:22.602407+00","2022-11-24 12:40:22.602407+00","ROBINHOOD"
158,"AAPL","BUY",0.012213,134.28,"2021-02-12 14:30:00+00",,"2022-11-24 12:40:22.605817+00","2022-11-24 12:40:22.605817+00","ROBINHOOD"
159,"ETH","BUY",0.017253,1739.52,"2021-02-15 02:55:00+00",,"2022-11-24 12:40:22.609103+00","2022-11-24 12:40:22.609103+00","ROBINHOOD"
160,"SPY","SELL",0.516556,392.1,"2021-02-19 14:30:00+00",,"2022-11-24 12:40:22.613896+00","2022-11-24 12:40:22.613896+00","ROBINHOOD"
161,"BTC","SELL",0.00363704,54944.77,"2021-02-19 18:34:00+00",,"2022-11-24 12:40:22.621342+00","2022-11-24 12:40:22.621342+00","ROBINHOOD"
162,"NVDA","BUY",0.695833,574.85,"2021-02-22 21:22:00+00",,"2022-11-24 12:40:22.626657+00","2022-11-24 12:40:22.626657+00","ROBINHOOD"
163,"SNAP","SELL",5,59.9,"2021-02-23 14:36:00+00",,"2022-11-24 12:40:22.634605+00","2022-11-24 12:40:22.634605+00","ROBINHOOD"
164,"SNAP","SELL",0.041415,66.88,"2021-02-23 19:41:00+00",,"2022-11-24 12:40:22.653913+00","2022-11-24 12:40:22.653913+00","ROBINHOOD"
165,"BTC","BUY",0.00403861,49520.1,"2021-02-24 19:24:00+00",,"2022-11-24 12:40:22.66151+00","2022-11-24 12:40:22.66151+00","ROBINHOOD"
166,"ETH","BUY",0.061309,1631.07,"2021-02-24 19:25:00+00",,"2022-11-24 12:40:22.667032+00","2022-11-24 12:40:22.667032+00","ROBINHOOD"
167,"NVDA","BUY",0.322303,465.4,"2021-03-08 21:26:00+00",,"2022-11-24 12:40:22.672725+00","2022-11-24 12:40:22.672725+00","ROBINHOOD"
168,"TSLA","BUY",0.355302,562.9,"2021-03-08 21:27:00+00",,"2022-11-24 12:40:22.683464+00","2022-11-24 12:40:22.683464+00","ROBINHOOD"
169,"GOOG","BUY",0.049243,2030.75,"2021-03-08 21:27:00+00",,"2022-11-24 12:40:22.688708+00","2022-11-24 12:40:22.688709+00","ROBINHOOD"
170,"AAPL","BUY",0.858369,116.5,"2021-03-08 21:27:00+00",,"2022-11-24 12:40:22.692063+00","2022-11-24 12:40:22.692063+00","ROBINHOOD"
171,"SNAP","BUY",1.888343,52.96,"2021-03-08 21:30:00+00",,"2022-11-24 12:40:22.695054+00","2022-11-24 12:40:22.695054+00","ROBINHOOD"
172,"ABNB","BUY",0.81119,184.91,"2021-03-09 14:30:00+00",,"2022-11-24 12:40:22.698104+00","2022-11-24 12:40:22.698104+00","ROBINHOOD"
173,"UAL","BUY",1.860465,53.75,"2021-03-09 14:30:00+00",,"2022-11-24 12:40:22.701066+00","2022-11-24 12:40:22.701066+00","ROBINHOOD"
174,"BTC","BUY",0.00088271,56642.19,"2021-03-15 23:32:00+00",,"2022-11-24 12:40:22.704577+00","2022-11-24 12:40:22.704577+00","ROBINHOOD"
175,"ETH","BUY",0.027694,1805.42,"2021-03-15 23:32:00+00",,"2022-11-24 12:40:22.707528+00","2022-11-24 12:40:22.707528+00","ROBINHOOD"
176,"AAPL","SELL",9.985821,125.71,"2021-03-16 13:30:00+00",,"2022-11-24 12:40:22.719676+00","2022-11-24 12:40:22.719676+00","ROBINHOOD"
177,"SNAP","SELL",1.888343,64.5,"2021-03-16 13:30:00+00",,"2022-11-24 12:40:22.742689+00","2022-11-24 12:40:22.742689+00","ROBINHOOD"
178,"TEAM","SELL",0.990946,237.35,"2021-03-16 13:30:00+00",,"2022-11-24 12:40:22.751067+00","2022-11-24 12:40:22.751067+00","ROBINHOOD"
179,"TSLA","SELL",2.478245,703.42,"2021-03-16 13:30:00+00",,"2022-11-24 12:40:22.765669+00","2022-11-24 12:40:22.765669+00","ROBINHOOD"
180,"UAL","BUY",0.119849,61.16,"2021-03-16 13:30:00+00",,"2022-11-24 12:40:22.779508+00","2022-11-24 12:40:22.779508+00","ROBINHOOD"
181,"GOOG","SELL",0.170627,2078.98,"2021-03-16 13:30:00+00",,"2022-11-24 12:40:22.787681+00","2022-11-24 12:40:22.787681+00","ROBINHOOD"
182,"SQ","SELL",1.009785,252,"2021-03-16 13:33:00+00",,"2022-11-24 12:40:22.831526+00","2022-11-24 12:40:22.831526+00","ROBINHOOD"
183,"ABNB","BUY",2.553652,195.8,"2021-03-17 17:24:00+00",,"2022-11-24 12:40:22.840105+00","2022-11-24 12:40:22.840105+00","ROBINHOOD"
184,"BTC","BUY",0.00902873,55378.39,"2021-03-17 17:25:00+00",,"2022-11-24 12:40:22.843035+00","2022-11-24 12:40:22.843035+00","ROBINHOOD"
185,"ETH","BUY",0.27898,1792.33,"2021-03-17 17:25:00+00",,"2022-11-24 12:40:22.848288+00","2022-11-24 12:40:22.848288+00","ROBINHOOD"
186,"UAL","BUY",1.651391,60.56,"2021-03-17 17:26:00+00",,"2022-11-24 12:40:22.852108+00","2022-11-24 12:40:22.852108+00","ROBINHOOD"
187,"NVDA","BUY",0.196039,510.1,"2021-03-18 21:05:00+00",,"2022-11-24 12:40:22.856495+00","2022-11-24 12:40:22.856495+00","ROBINHOOD"
188,"BTC","BUY",0.00173118,57764.04,"2021-03-18 21:06:00+00",,"2022-11-24 12:40:22.861055+00","2022-11-24 12:40:22.861055+00","ROBINHOOD"
189,"ETH","BUY",0.056268,1777.21,"2021-03-18 21:06:00+00",,"2022-11-24 12:40:22.865086+00","2022-11-24 12:40:22.865087+00","ROBINHOOD"
190,"UAL","BUY",1.641238,60.93,"2021-03-19 13:30:00+00",,"2022-11-24 12:40:22.870055+00","2022-11-24 12:40:22.870055+00","ROBINHOOD"
191,"ABNB","BUY",2,190,"2021-03-19 13:40:00+00",,"2022-11-24 12:40:22.87508+00","2022-11-24 12:40:22.87508+00","ROBINHOOD"
192,"ETH","BUY",0.282182,1771.86,"2021-03-21 10:29:00+00",,"2022-11-24 12:40:22.879969+00","2022-11-24 12:40:22.879969+00","ROBINHOOD"
193,"BTC","BUY",0.00887495,56332.37,"2021-03-21 10:30:00+00",,"2022-11-24 12:40:22.886698+00","2022-11-24 12:40:22.886698+00","ROBINHOOD"
194,"ETH","BUY",0.296412,1686.84,"2021-03-22 22:35:00+00",,"2022-11-24 12:40:22.892499+00","2022-11-24 12:40:22.892499+00","ROBINHOOD"
195,"BTC","BUY",0.00918379,54443.52,"2021-03-22 22:35:00+00",,"2022-11-24 12:40:22.897966+00","2022-11-24 12:40:22.897966+00","ROBINHOOD"
196,"BTC","BUY",0.00460925,54238.71,"2021-03-23 08:08:00+00",,"2022-11-24 12:40:22.903482+00","2022-11-24 12:40:22.903482+00","ROBINHOOD"
197,"ETH","BUY",0.149005,1677.87,"2021-03-23 08:08:00+00",,"2022-11-24 12:40:22.906876+00","2022-11-24 12:40:22.906876+00","ROBINHOOD"
198,"UAL","BUY",8.928571,56,"2021-03-23 15:20:00+00",,"2022-11-24 12:40:22.910398+00","2022-11-24 12:40:22.910398+00","ROBINHOOD"
199,"NVDA","SELL",0.187908,532.18,"2021-03-23 15:21:00+00",,"2022-11-24 12:40:22.919938+00","2022-11-24 12:40:22.919938+00","ROBINHOOD"
200,"NVDA","SELL",0.247005,526.31,"2021-03-23 18:01:00+00",,"2022-11-24 12:40:22.931368+00","2022-11-24 12:40:22.931368+00","ROBINHOOD"
201,"UAL","BUY",3.652634,54.76,"2021-03-23 18:06:00+00",,"2022-11-24 12:40:22.938485+00","2022-11-24 12:40:22.938485+00","ROBINHOOD"
202,"BTC","BUY",0.00180409,55429.53,"2021-03-24 07:46:00+00",,"2022-11-24 12:40:22.943473+00","2022-11-24 12:40:22.943473+00","ROBINHOOD"
203,"ETH","BUY",0.059026,1694,"2021-03-24 07:47:00+00",,"2022-11-24 12:40:22.948978+00","2022-11-24 12:40:22.948978+00","ROBINHOOD"
204,"ABNB","BUY",1.10485,181.02,"2021-03-24 19:22:00+00",,"2022-11-24 12:40:22.953612+00","2022-11-24 12:40:22.953612+00","ROBINHOOD"
205,"UAL","BUY",3.667858,54.53,"2021-03-24 19:25:00+00",,"2022-11-24 12:40:22.958038+00","2022-11-24 12:40:22.958038+00","ROBINHOOD"
206,"NVDA","SELL",0.194943,512.97,"2021-03-26 21:17:00+00",,"2022-11-24 12:40:22.965073+00","2022-11-24 12:40:22.965074+00","ROBINHOOD"
207,"ABNB","BUY",0.570255,175.36,"2021-03-29 13:30:00+00",,"2022-11-24 12:40:22.978229+00","2022-11-24 12:40:22.978229+00","ROBINHOOD"
208,"NVDA","SELL",0.135695,515.86,"2021-03-29 18:30:00+00",,"2022-11-24 12:40:22.987876+00","2022-11-24 12:40:22.987876+00","ROBINHOOD"
209,"ABNB","BUY",0.442221,180.91,"2021-03-29 18:31:00+00",,"2022-11-24 12:40:22.999267+00","2022-11-24 12:40:22.999267+00","ROBINHOOD"
210,"AAPL","BUY",0.008186,122.16,"2021-03-31 13:41:00+00",,"2022-11-24 12:40:23.00413+00","2022-11-24 12:40:23.00413+00","ROBINHOOD"
211,"AAPL","SELL",0.008186,122.16,"2021-03-31 13:42:00+00",,"2022-11-24 12:40:23.011779+00","2022-11-24 12:40:23.011779+00","ROBINHOOD"
212,"AAPL","BUY",4.069675,122.86,"2021-03-31 13:57:00+00",,"2022-11-24 12:40:23.019+00","2022-11-24 12:40:23.019+00","ROBINHOOD"
213,"UAL","BUY",3.463883,57.74,"2021-03-31 14:00:00+00",,"2022-11-24 12:40:23.023583+00","2022-11-24 12:40:23.023583+00","ROBINHOOD"
214,"NVDA","BUY",0.564796,531.17,"2021-03-31 14:03:00+00",,"2022-11-24 12:40:23.028471+00","2022-11-24 12:40:23.028471+00","ROBINHOOD"
215,"ETH","SELL",0.519133,1925.74,"2021-04-01 00:12:00+00",,"2022-11-24 12:40:23.036114+00","2022-11-24 12:40:23.036114+00","ROBINHOOD"
216,"ETH","BUY",0.257416,1942.33,"2021-04-01 09:59:00+00",,"2022-11-24 12:40:23.05921+00","2022-11-24 12:40:23.05921+00","ROBINHOOD"
217,"NVDA","SELL",1.01342,542.97,"2021-04-01 13:30:00+00",,"2022-11-24 12:40:23.066526+00","2022-11-24 12:40:23.066526+00","ROBINHOOD"
218,"UAL","BUY",8.647858,57.82,"2021-04-01 19:59:00+00",,"2022-11-24 12:40:23.07885+00","2022-11-24 12:40:23.07885+00","ROBINHOOD"
219,"AAPL","BUY",1.626743,122.95,"2021-04-01 20:00:00+00",,"2022-11-24 12:40:23.084144+00","2022-11-24 12:40:23.084144+00","ROBINHOOD"
220,"BTC","BUY",0.00042418,58936.09,"2021-04-01 20:01:00+00",,"2022-11-24 12:40:23.09004+00","2022-11-24 12:40:23.09004+00","ROBINHOOD"
221,"ETH","BUY",0.012665,1973.69,"2021-04-01 20:01:00+00",,"2022-11-24 12:40:23.09497+00","2022-11-24 12:40:23.094971+00","ROBINHOOD"
222,"ETH","SELL",0.249814,2001.68,"2021-04-02 08:05:00+00",,"2022-11-24 12:40:23.102806+00","2022-11-24 12:40:23.102806+00","ROBINHOOD"
223,"ETH","SELL",0.249983,2000.21,"2021-04-02 08:10:00+00",,"2022-11-24 12:40:23.119378+00","2022-11-24 12:40:23.119378+00","ROBINHOOD"
224,"ETH","SELL",0.251454,1988.48,"2021-04-02 09:32:00+00",,"2022-11-24 12:40:23.132143+00","2022-11-24 12:40:23.132143+00","ROBINHOOD"
225,"ETH","SELL",0.145397,2063.32,"2021-04-02 15:49:00+00",,"2022-11-24 12:40:23.143166+00","2022-11-24 12:40:23.143166+00","ROBINHOOD"
226,"ETH","BUY",0.047708,2096.35,"2021-04-02 20:48:00+00",,"2022-11-24 12:40:23.153612+00","2022-11-24 12:40:23.153612+00","ROBINHOOD"
227,"ETH","SELL",0.047772,2093.34,"2021-04-03 02:22:00+00",,"2022-11-24 12:40:23.160733+00","2022-11-24 12:40:23.160733+00","ROBINHOOD"
228,"ETH","SELL",0.238991,2092.13,"2021-04-03 02:24:00+00",,"2022-11-24 12:40:23.172963+00","2022-11-24 12:40:23.172964+00","ROBINHOOD"
229,"ETH","SELL",0.131912,2102.39,"2021-04-03 03:30:00+00",,"2022-11-24 12:40:23.18522+00","2022-11-24 12:40:23.18522+00","ROBINHOOD"
230,"BTC","SELL",0.00176256,56735.86,"2021-04-04 00:13:00+00",,"2022-11-24 12:40:23.199449+00","2022-11-24 12:40:23.199449+00","ROBINHOOD"
231,"ETH","BUY",0.05025,1989.97,"2021-04-04 01:33:00+00",,"2022-11-24 12:40:23.20683+00","2022-11-24 12:40:23.206831+00","ROBINHOOD"
232,"ETH","BUY",0.497393,2010.5,"2021-04-04 05:55:00+00",,"2022-11-24 12:40:23.211488+00","2022-11-24 12:40:23.211488+00","ROBINHOOD"
233,"BTC","BUY",0.00173896,57506.51,"2021-04-04 05:56:00+00",,"2022-11-24 12:40:23.216578+00","2022-11-24 12:40:23.216578+00","ROBINHOOD"
234,"ETH","BUY",0.247772,2017.98,"2021-04-04 06:06:00+00",,"2022-11-24 12:40:23.221699+00","2022-11-24 12:40:23.221699+00","ROBINHOOD"
235,"BTC","BUY",0.00173846,57522.74,"2021-04-04 06:07:00+00",,"2022-11-24 12:40:23.226589+00","2022-11-24 12:40:23.226589+00","ROBINHOOD"
236,"ETH","BUY",0.248371,2013.07,"2021-04-04 06:45:00+00",,"2022-11-24 12:40:23.231247+00","2022-11-24 12:40:23.231247+00","ROBINHOOD"
237,"ETH","BUY",0.049179,2033.24,"2021-04-04 08:09:00+00",,"2022-11-24 12:40:23.236019+00","2022-11-24 12:40:23.23602+00","ROBINHOOD"
238,"ETH","BUY",0.098178,2037.09,"2021-04-04 08:58:00+00",,"2022-11-24 12:40:23.240906+00","2022-11-24 12:40:23.240907+00","ROBINHOOD"
239,"ETH","BUY",0.049166,2035.9,"2021-04-05 04:05:00+00",,"2022-11-24 12:40:23.245773+00","2022-11-24 12:40:23.245773+00","ROBINHOOD"
240,"ETH","BUY",0.089752,2027.42,"2021-04-05 04:59:00+00",,"2022-11-24 12:40:23.250587+00","2022-11-24 12:40:23.250587+00","ROBINHOOD"
241,"ABNB","BUY",1.565271,191.66,"2021-04-05 13:30:00+00",,"2022-11-24 12:40:23.255394+00","2022-11-24 12:40:23.255394+00","ROBINHOOD"
242,"UAL","BUY",5.058168,59.31,"2021-04-05 13:30:00+00",,"2022-11-24 12:40:23.259996+00","2022-11-24 12:40:23.259997+00","ROBINHOOD"
243,"TSLA","BUY",0.706214,708,"2021-04-05 13:30:00+00",,"2022-11-24 12:40:23.264948+00","2022-11-24 12:40:23.264949+00","ROBINHOOD"
244,"AAPL","SELL",1.617045,123.68,"2021-04-05 13:30:00+00",,"2022-11-24 12:40:23.272048+00","2022-11-24 12:40:23.272048+00","ROBINHOOD"
245,"TSLA","BUY",0.287932,694.61,"2021-04-05 13:58:00+00",,"2022-11-24 12:40:23.279234+00","2022-11-24 12:40:23.279234+00","ROBINHOOD"
246,"ETH","BUY",0.251788,1985.31,"2021-04-07 17:24:00+00",,"2022-11-24 12:40:23.283905+00","2022-11-24 12:40:23.283906+00","ROBINHOOD"
247,"BTC","BUY",0.00889647,56199.67,"2021-04-07 17:24:00+00",,"2022-11-24 12:40:23.29005+00","2022-11-24 12:40:23.29005+00","ROBINHOOD"
248,"ABNB","BUY",2.753434,181.59,"2021-04-07 17:24:00+00",,"2022-11-24 12:40:23.29511+00","2022-11-24 12:40:23.29511+00","ROBINHOOD"
249,"TSLA","BUY",0.738152,677.37,"2021-04-07 17:25:00+00",,"2022-11-24 12:40:23.299846+00","2022-11-24 12:40:23.299846+00","ROBINHOOD"
250,"ETH","BUY",0.127532,1960.06,"2021-04-07 19:06:00+00",,"2022-11-24 12:40:23.304447+00","2022-11-24 12:40:23.304447+00","ROBINHOOD"
251,"BTC","BUY",0.00447842,55824.75,"2021-04-07 19:07:00+00",,"2022-11-24 12:40:23.309103+00","2022-11-24 12:40:23.309104+00","ROBINHOOD"
252,"TSLA","BUY",0.370148,675.41,"2021-04-07 19:07:00+00",,"2022-11-24 12:40:23.313869+00","2022-11-24 12:40:23.313869+00","ROBINHOOD"
253,"ABNB","BUY",1.390441,179.8,"2021-04-07 19:07:00+00",,"2022-11-24 12:40:23.319003+00","2022-11-24 12:40:23.319003+00","ROBINHOOD"
254,"ETH","BUY",0.126198,1980.95,"2021-04-07 19:55:00+00",,"2022-11-24 12:40:23.323829+00","2022-11-24 12:40:23.323829+00","ROBINHOOD"
255,"BTC","BUY",0.00446162,56029.76,"2021-04-07 19:55:00+00",,"2022-11-24 12:40:23.328964+00","2022-11-24 12:40:23.328964+00","ROBINHOOD"
256,"ABNB","BUY",0.555601,179.99,"2021-04-07 19:56:00+00",,"2022-11-24 12:40:23.333684+00","2022-11-24 12:40:23.333684+00","ROBINHOOD"
257,"TSLA","BUY",0.149089,670.74,"2021-04-07 19:56:00+00",,"2022-11-24 12:40:23.338415+00","2022-11-24 12:40:23.338415+00","ROBINHOOD"
258,"AAPL","BUY",2.308935,129.93,"2021-04-09 13:30:00+00",,"2022-11-24 12:40:23.343044+00","2022-11-24 12:40:23.343044+00","ROBINHOOD"
259,"ETH","SELL",0.086613,2309.08,"2021-04-13 18:12:00+00",,"2022-11-24 12:40:23.350416+00","2022-11-24 12:40:23.350416+00","ROBINHOOD"
260,"BTC","SELL",0.0031507,63476.74,"2021-04-13 18:12:00+00",,"2022-11-24 12:40:23.363033+00","2022-11-24 12:40:23.363033+00","ROBINHOOD"
261,"ABNB","BUY",0.568731,175.83,"2021-04-13 18:13:00+00",,"2022-11-24 12:40:23.380836+00","2022-11-24 12:40:23.380836+00","ROBINHOOD"
262,"NVDA","BUY",0.080347,622.3,"2021-04-13 18:17:00+00",,"2022-11-24 12:40:23.385676+00","2022-11-24 12:40:23.385676+00","ROBINHOOD"
263,"GOOG","BUY",0.022102,2262.24,"2021-04-13 18:18:00+00",,"2022-11-24 12:40:23.390493+00","2022-11-24 12:40:23.390493+00","ROBINHOOD"
264,"ETH","BUY",0.04326,2311.6,"2021-04-13 18:20:00+00",,"2022-11-24 12:40:23.395415+00","2022-11-24 12:40:23.395415+00","ROBINHOOD"
265,"BTC","BUY",0.00078711,63526.23,"2021-04-13 18:20:00+00",,"2022-11-24 12:40:23.399829+00","2022-11-24 12:40:23.39983+00","ROBINHOOD"
266,"TSLA","BUY",0.066262,754.58,"2021-04-13 18:25:00+00",,"2022-11-24 12:40:23.404728+00","2022-11-24 12:40:23.404728+00","ROBINHOOD"
267,"BTC","SELL",0.0079054,63249,"2021-04-13 18:41:00+00",,"2022-11-24 12:40:23.412534+00","2022-11-24 12:40:23.412535+00","ROBINHOOD"
268,"ETH","SELL",0.130526,2298.39,"2021-04-13 18:41:00+00",,"2022-11-24 12:40:23.436919+00","2022-11-24 12:40:23.436919+00","ROBINHOOD"
269,"BTC","BUY",0.00156732,63804.11,"2021-04-14 00:02:00+00",,"2022-11-24 12:40:23.44639+00","2022-11-24 12:40:23.44639+00","ROBINHOOD"
270,"BTC","SELL",0.00155878,64153.25,"2021-04-14 06:06:00+00",,"2022-11-24 12:40:23.454342+00","2022-11-24 12:40:23.454342+00","ROBINHOOD"
271,"COIN","BUY",2,381,"2021-04-14 17:26:00+00",,"2022-11-24 12:40:23.461586+00","2022-11-24 12:40:23.461586+00","ROBINHOOD"
272,"COIN","SELL",2,333.9,"2021-04-14 19:22:00+00",,"2022-11-24 12:40:23.468821+00","2022-11-24 12:40:23.468821+00","ROBINHOOD"
273,"BTC","BUY",0.0032253,62009.58,"2021-04-14 19:26:00+00",,"2022-11-24 12:40:23.475882+00","2022-11-24 12:40:23.475883+00","ROBINHOOD"
274,"NVDA","BUY",0.162686,614.68,"2021-04-14 19:27:00+00",,"2022-11-24 12:40:23.480644+00","2022-11-24 12:40:23.480644+00","ROBINHOOD"
275,"BTC","BUY",0.0031782,62925.11,"2021-04-15 08:15:00+00",,"2022-11-24 12:40:23.486993+00","2022-11-24 12:40:23.486993+00","ROBINHOOD"
276,"BTC","BUY",0.00080344,62232.56,"2021-04-15 11:01:00+00",,"2022-11-24 12:40:23.49249+00","2022-11-24 12:40:23.49249+00","ROBINHOOD"
277,"BTC","BUY",0.00080176,62372.46,"2021-04-15 11:18:00+00",,"2022-11-24 12:40:23.497796+00","2022-11-24 12:40:23.497797+00","ROBINHOOD"
278,"ETH","BUY",0.020621,2424.65,"2021-04-15 11:18:00+00",,"2022-11-24 12:40:23.502978+00","2022-11-24 12:40:23.502979+00","ROBINHOOD"
279,"BTC","BUY",0.00081166,61601.54,"2021-04-16 08:16:00+00",,"2022-11-24 12:40:23.507565+00","2022-11-24 12:40:23.507565+00","ROBINHOOD"
280,"UAL","SELL",8.893037,56.22,"2021-04-16 15:22:00+00",,"2022-11-24 12:40:23.516058+00","2022-11-24 12:40:23.516059+00","ROBINHOOD"
281,"ABNB","SELL",2.836092,176.3,"2021-04-16 15:22:00+00",,"2022-11-24 12:40:23.540359+00","2022-11-24 12:40:23.540359+00","ROBINHOOD"
282,"BTC","BUY",0.0081273,61522.63,"2021-04-16 15:26:00+00",,"2022-11-24 12:40:23.564169+00","2022-11-24 12:40:23.56417+00","ROBINHOOD"
283,"ETH","BUY",0.207532,2409.9,"2021-04-16 15:26:00+00",,"2022-11-24 12:40:23.569113+00","2022-11-24 12:40:23.569114+00","ROBINHOOD"
284,"AAPL","SELL",2.24272,133.77,"2021-04-16 15:28:00+00",,"2022-11-24 12:40:23.57604+00","2022-11-24 12:40:23.57604+00","ROBINHOOD"
285,"GOOG","BUY",0.130895,2291.91,"2021-04-16 15:28:00+00",,"2022-11-24 12:40:23.583428+00","2022-11-24 12:40:23.583428+00","ROBINHOOD"
286,"ABNB","SELL",1.692723,177.23,"2021-04-16 17:28:00+00",,"2022-11-24 12:40:23.590597+00","2022-11-24 12:40:23.590597+00","ROBINHOOD"
287,"NVDA","BUY",0.156691,638.2,"2021-04-16 17:30:00+00",,"2022-11-24 12:40:23.597924+00","2022-11-24 12:40:23.597924+00","ROBINHOOD"
288,"BTC","BUY",0.00165925,60263.93,"2021-04-17 18:12:00+00",,"2022-11-24 12:40:23.60332+00","2022-11-24 12:40:23.60332+00","ROBINHOOD"
289,"ETH","BUY",0.040223,2361.83,"2021-04-17 18:12:00+00",,"2022-11-24 12:40:23.608244+00","2022-11-24 12:40:23.608244+00","ROBINHOOD"
290,"BTC","BUY",0.00361004,55385.74,"2021-04-18 04:18:00+00",,"2022-11-24 12:40:23.612876+00","2022-11-24 12:40:23.612876+00","ROBINHOOD"
291,"ETH","BUY",0.093007,2149.87,"2021-04-18 04:18:00+00",,"2022-11-24 12:40:23.617663+00","2022-11-24 12:40:23.617664+00","ROBINHOOD"
292,"ETH","BUY",0.091429,2190.11,"2021-04-18 04:26:00+00",,"2022-11-24 12:40:23.622805+00","2022-11-24 12:40:23.622805+00","ROBINHOOD"
293,"BTC","BUY",0.00359577,55640.45,"2021-04-18 04:26:00+00",,"2022-11-24 12:40:23.627447+00","2022-11-24 12:40:23.627447+00","ROBINHOOD"
294,"BTC","BUY",0.0017858,56030.99,"2021-04-18 04:34:00+00",,"2022-11-24 12:40:23.632504+00","2022-11-24 12:40:23.632504+00","ROBINHOOD"
295,"ETH","BUY",0.045309,2207.18,"2021-04-18 04:34:00+00",,"2022-11-24 12:40:23.637196+00","2022-11-24 12:40:23.637196+00","ROBINHOOD"
296,"ETH","BUY",0.045728,2186.77,"2021-04-18 08:39:00+00",,"2022-11-24 12:40:23.642061+00","2022-11-24 12:40:23.642062+00","ROBINHOOD"
297,"BTC","BUY",0.00178024,56179.96,"2021-04-18 08:40:00+00",,"2022-11-24 12:40:23.646703+00","2022-11-24 12:40:23.646704+00","ROBINHOOD"
298,"BTC","BUY",0.00180986,55257.31,"2021-04-18 17:57:00+00",,"2022-11-24 12:40:23.651472+00","2022-11-24 12:40:23.651473+00","ROBINHOOD"
299,"ETH","BUY",0.046568,2147.82,"2021-04-18 17:57:00+00",,"2022-11-24 12:40:23.656277+00","2022-11-24 12:40:23.656278+00","ROBINHOOD"
300,"SFIX","BUY",0.217491,45.98,"2021-04-19 13:30:00+00",,"2022-11-24 12:40:23.661195+00","2022-11-24 12:40:23.661195+00","ROBINHOOD"
301,"BTC","BUY",0.00274287,54699.3,"2021-04-20 00:45:00+00",,"2022-11-24 12:40:23.666297+00","2022-11-24 12:40:23.666297+00","ROBINHOOD"
302,"ETH","BUY",0.071824,2087.82,"2021-04-20 00:45:00+00",,"2022-11-24 12:40:23.670999+00","2022-11-24 12:40:23.670999+00","ROBINHOOD"
303,"ETH","BUY",0.047345,2111.92,"2021-04-20 03:54:00+00",,"2022-11-24 12:40:23.675864+00","2022-11-24 12:40:23.675864+00","ROBINHOOD"
304,"BTC","BUY",0.00182604,54761.48,"2021-04-20 03:54:00+00",,"2022-11-24 12:40:23.680879+00","2022-11-24 12:40:23.680879+00","ROBINHOOD"
305,"DOGE","BUY",23,0.429573,"2021-04-20 05:05:00+00",,"2022-11-24 12:40:23.685681+00","2022-11-24 12:40:23.685681+00","ROBINHOOD"
306,"ABNB","SELL",5.763027,173.52,"2021-04-20 13:30:00+00",,"2022-11-24 12:40:23.693063+00","2022-11-24 12:40:23.693063+00","ROBINHOOD"
307,"TSLA","SELL",1.394683,717.01,"2021-04-20 16:40:00+00",,"2022-11-24 12:40:23.719156+00","2022-11-24 12:40:23.719156+00","ROBINHOOD"
308,"COIN","BUY",0.640457,312.28,"2021-04-21 13:30:00+00",,"2022-11-24 12:40:23.732218+00","2022-11-24 12:40:23.732218+00","ROBINHOOD"
309,"BTC","BUY",0.003639,54960.66,"2021-04-21 21:56:00+00",,"2022-11-24 12:40:23.737431+00","2022-11-24 12:40:23.737432+00","ROBINHOOD"
310,"BTC","BUY",0.00186157,53715.05,"2021-04-22 08:35:00+00",,"2022-11-24 12:40:23.742446+00","2022-11-24 12:40:23.742446+00","ROBINHOOD"
311,"BTC","BUY",0.00186904,53480.13,"2021-04-22 18:17:00+00",,"2022-11-24 12:40:23.751999+00","2022-11-24 12:40:23.751999+00","ROBINHOOD"
312,"BTC","BUY",0.00299215,50323.03,"2021-04-23 03:10:00+00",,"2022-11-24 12:40:23.756511+00","2022-11-24 12:40:23.756511+00","ROBINHOOD"
313,"BTC","BUY",0.00202519,49382.68,"2021-04-23 14:12:00+00",,"2022-11-24 12:40:23.760288+00","2022-11-24 12:40:23.760288+00","ROBINHOOD"
314,"ETH","BUY",0.044336,2254.52,"2021-04-23 14:13:00+00",,"2022-11-24 12:40:23.763899+00","2022-11-24 12:40:23.763899+00","ROBINHOOD"
315,"ABNB","SELL",1.697792,176.7,"2021-04-23 18:05:00+00",,"2022-11-24 12:40:23.771297+00","2022-11-24 12:40:23.771297+00","ROBINHOOD"
316,"NVDA","BUY",0.164128,609.28,"2021-04-23 18:06:00+00",,"2022-11-24 12:40:23.782679+00","2022-11-24 12:40:23.782679+00","ROBINHOOD"
317,"BTC","BUY",0.00199643,50084.78,"2021-04-23 18:07:00+00",,"2022-11-24 12:40:23.787696+00","2022-11-24 12:40:23.787696+00","ROBINHOOD"
318,"AAPL","SELL",1.483808,134.79,"2021-04-23 18:07:00+00",,"2022-11-24 12:40:23.79591+00","2022-11-24 12:40:23.79591+00","ROBINHOOD"
319,"BTC","BUY",0.00200579,49847.14,"2021-04-25 19:07:00+00",,"2022-11-24 12:40:23.80645+00","2022-11-24 12:40:23.80645+00","ROBINHOOD"
320,"ETH","BUY",0.043202,2314.04,"2021-04-25 19:08:00+00",,"2022-11-24 12:40:23.81129+00","2022-11-24 12:40:23.81129+00","ROBINHOOD"
321,"BTC","BUY",0.00105089,47574.41,"2021-04-25 21:36:00+00",,"2022-11-24 12:40:23.816457+00","2022-11-24 12:40:23.816457+00","ROBINHOOD"
322,"BTC","BUY",0.00104544,47824.59,"2021-04-25 21:41:00+00",,"2022-11-24 12:40:23.821872+00","2022-11-24 12:40:23.821872+00","ROBINHOOD"
323,"BTC","BUY",0.00628199,47778.82,"2021-04-25 21:50:00+00",,"2022-11-24 12:40:23.827315+00","2022-11-24 12:40:23.827315+00","ROBINHOOD"
324,"BTC","BUY",0.00104652,47781.47,"2021-04-25 22:03:00+00",,"2022-11-24 12:40:23.832342+00","2022-11-24 12:40:23.832342+00","ROBINHOOD"
325,"BTC","BUY",0.00613846,48886.47,"2021-04-25 23:25:00+00",,"2022-11-24 12:40:23.837541+00","2022-11-24 12:40:23.837541+00","ROBINHOOD"
326,"BTC","BUY",0.00204164,48979.94,"2021-04-25 23:51:00+00",,"2022-11-24 12:40:23.842647+00","2022-11-24 12:40:23.842648+00","ROBINHOOD"
327,"BTC","BUY",0.00187385,53367.04,"2021-04-26 10:49:00+00",,"2022-11-24 12:40:23.847859+00","2022-11-24 12:40:23.847859+00","ROBINHOOD"
328,"AAPL","SELL",1.483899,134.78,"2021-04-26 13:30:00+00",,"2022-11-24 12:40:23.855541+00","2022-11-24 12:40:23.855541+00","ROBINHOOD"
329,"UAL","SELL",9.257544,54.01,"2021-04-26 13:30:00+00",,"2022-11-24 12:40:23.867887+00","2022-11-24 12:40:23.867887+00","ROBINHOOD"
330,"UAL","SELL",5.554526,54.01,"2021-04-26 13:30:00+00",,"2022-11-24 12:40:23.880528+00","2022-11-24 12:40:23.880528+00","ROBINHOOD"
331,"BTC","BUY",0.0037836,52857.6,"2021-04-26 21:22:00+00",,"2022-11-24 12:40:23.890907+00","2022-11-24 12:40:23.890907+00","ROBINHOOD"
332,"ETH","BUY",0.0821,2436.04,"2021-04-26 21:22:00+00",,"2022-11-24 12:40:23.895933+00","2022-11-24 12:40:23.895933+00","ROBINHOOD"
333,"ETH","SELL",0.367971,2717.61,"2021-04-29 08:36:00+00",,"2022-11-24 12:40:23.906736+00","2022-11-24 12:40:23.906736+00","ROBINHOOD"
334,"ETH","SELL",0.182855,2733.73,"2021-04-29 19:12:00+00",,"2022-11-24 12:40:23.919063+00","2022-11-24 12:40:23.919063+00","ROBINHOOD"
335,"BTC","SELL",0.01734635,57649.04,"2021-05-01 13:55:00+00",,"2022-11-24 12:40:23.92867+00","2022-11-24 12:40:23.928671+00","ROBINHOOD"
336,"ETH","SELL",0.347862,2874.71,"2021-05-01 13:56:00+00",,"2022-11-24 12:40:23.941141+00","2022-11-24 12:40:23.941142+00","ROBINHOOD"
337,"ETH","SELL",0.121765,2874.45,"2021-05-01 13:58:00+00",,"2022-11-24 12:40:23.95923+00","2022-11-24 12:40:23.95923+00","ROBINHOOD"
338,"BTC","SELL",0.00606601,57698.63,"2021-05-01 13:58:00+00",,"2022-11-24 12:40:23.97192+00","2022-11-24 12:40:23.97192+00","ROBINHOOD"
339,"ETH","SELL",0.149189,3351.46,"2021-05-04 09:21:00+00",,"2022-11-24 12:40:23.984452+00","2022-11-24 12:40:23.984453+00","ROBINHOOD"
340,"ETH","BUY",0.076051,3286.56,"2021-05-05 07:17:00+00",,"2022-11-24 12:40:23.997765+00","2022-11-24 12:40:23.997765+00","ROBINHOOD"
341,"ETH","BUY",0.07462,3350.35,"2021-05-05 08:08:00+00",,"2022-11-24 12:40:24.003333+00","2022-11-24 12:40:24.003333+00","ROBINHOOD"
342,"ETH","SELL",0.085112,3524.81,"2021-05-05 23:48:00+00",,"2022-11-24 12:40:24.012358+00","2022-11-24 12:40:24.012358+00","ROBINHOOD"
343,"ETH","BUY",0.085613,3504.3,"2021-05-06 04:15:00+00",,"2022-11-24 12:40:24.020176+00","2022-11-24 12:40:24.020176+00","ROBINHOOD"
344,"ETH","SELL",0.59087,3367.03,"2021-05-06 07:01:00+00",,"2022-11-24 12:40:24.028483+00","2022-11-24 12:40:24.028484+00","ROBINHOOD"
345,"ETH","BUY",0.581419,3444.11,"2021-05-06 07:44:00+00",,"2022-11-24 12:40:24.053708+00","2022-11-24 12:40:24.053708+00","ROBINHOOD"
346,"DOGE","SELL",23,0.569086,"2021-05-07 00:16:00+00",,"2022-11-24 12:40:24.061117+00","2022-11-24 12:40:24.061117+00","ROBINHOOD"
347,"DOGE","BUY",149,0.567046,"2021-05-09 04:52:00+00",,"2022-11-24 12:40:24.069386+00","2022-11-24 12:40:24.069386+00","ROBINHOOD"
348,"ETH","BUY",0.050739,3941.72,"2021-05-11 09:03:00+00",,"2022-11-24 12:40:24.074112+00","2022-11-24 12:40:24.074112+00","ROBINHOOD"
349,"DOGE","BUY",97,0.510457,"2021-05-11 09:14:00+00",,"2022-11-24 12:40:24.079583+00","2022-11-24 12:40:24.079583+00","ROBINHOOD"
350,"TSLA","BUY",0.333488,599.72,"2021-05-11 13:30:00+00",,"2022-11-24 12:40:24.08495+00","2022-11-24 12:40:24.08495+00","ROBINHOOD"
351,"NVDA","BUY",0.180985,552.53,"2021-05-11 13:30:00+00",,"2022-11-24 12:40:24.090044+00","2022-11-24 12:40:24.090044+00","ROBINHOOD"
352,"ETH","BUY",0.023198,4310.44,"2021-05-12 08:22:00+00",,"2022-11-24 12:40:24.095427+00","2022-11-24 12:40:24.095427+00","ROBINHOOD"
353,"ETH","SELL",0.024271,4120.08,"2021-05-12 16:49:00+00",,"2022-11-24 12:40:24.108614+00","2022-11-24 12:40:24.108614+00","ROBINHOOD"
354,"ETH","BUY",0.024512,4079.89,"2021-05-12 18:26:00+00",,"2022-11-24 12:40:24.117591+00","2022-11-24 12:40:24.117591+00","ROBINHOOD"
355,"DOGE","BUY",45.44,0.440215,"2021-05-13 03:02:00+00",,"2022-11-24 12:40:24.122705+00","2022-11-24 12:40:24.122705+00","ROBINHOOD"
356,"ETH","BUY",0.025238,3963.32,"2021-05-13 03:03:00+00",,"2022-11-24 12:40:24.130076+00","2022-11-24 12:40:24.130076+00","ROBINHOOD"
357,"TSLA","BUY",0.166147,601.88,"2021-05-13 13:30:00+00",,"2022-11-24 12:40:24.134847+00","2022-11-24 12:40:24.134847+00","ROBINHOOD"
358,"ETH","BUY",0.012626,3959.82,"2021-05-14 10:21:00+00",,"2022-11-24 12:40:24.138008+00","2022-11-24 12:40:24.138008+00","ROBINHOOD"
359,"ETH","BUY",0.149689,3341.48,"2021-05-17 16:08:00+00",,"2022-11-24 12:40:24.141089+00","2022-11-24 12:40:24.14109+00","ROBINHOOD"
360,"BTC","BUY",0.00457705,43700.97,"2021-05-17 16:08:00+00",,"2022-11-24 12:40:24.144609+00","2022-11-24 12:40:24.144609+00","ROBINHOOD"
361,"ETH","BUY",0.151695,3296.11,"2021-05-17 18:32:00+00",,"2022-11-24 12:40:24.147876+00","2022-11-24 12:40:24.147876+00","ROBINHOOD"
362,"ETH","BUY",0.2929,3415.6,"2021-05-17 20:11:00+00",,"2022-11-24 12:40:24.151085+00","2022-11-24 12:40:24.151085+00","ROBINHOOD"
363,"BTC","BUY",0.01127903,44333.21,"2021-05-17 20:11:00+00",,"2022-11-24 12:40:24.154005+00","2022-11-24 12:40:24.154005+00","ROBINHOOD"
364,"ETH","BUY",0.147229,3395.78,"2021-05-17 21:12:00+00",,"2022-11-24 12:40:24.156911+00","2022-11-24 12:40:24.156911+00","ROBINHOOD"
365,"ETH","BUY",0.141403,3537.01,"2021-05-18 05:31:00+00",,"2022-11-24 12:40:24.16087+00","2022-11-24 12:40:24.16087+00","ROBINHOOD"
366,"ETH","BUY",0.142493,3509.09,"2021-05-18 11:23:00+00",,"2022-11-24 12:40:24.165515+00","2022-11-24 12:40:24.165515+00","ROBINHOOD"
367,"ETH","BUY",0.14679,3405.98,"2021-05-18 17:05:00+00",,"2022-11-24 12:40:24.170039+00","2022-11-24 12:40:24.170039+00","ROBINHOOD"
368,"TSLA","BUY",0.341722,585.27,"2021-05-18 17:23:00+00",,"2022-11-24 12:40:24.173436+00","2022-11-24 12:40:24.173437+00","ROBINHOOD"
369,"ETH","BUY",0.033123,3018.43,"2021-05-19 06:28:00+00",,"2022-11-24 12:40:24.17731+00","2022-11-24 12:40:24.177311+00","ROBINHOOD"
370,"ETH","BUY",0.043966,2275.84,"2021-05-20 01:16:00+00",,"2022-11-24 12:40:24.180532+00","2022-11-24 12:40:24.180532+00","ROBINHOOD"
371,"ETH","BUY",0.0371,2692.86,"2021-05-20 07:10:00+00",,"2022-11-24 12:40:24.184905+00","2022-11-24 12:40:24.184905+00","ROBINHOOD"
372,"ETH","BUY",0.368356,2714.07,"2021-05-20 07:55:00+00",,"2022-11-24 12:40:24.189534+00","2022-11-24 12:40:24.189534+00","ROBINHOOD"
373,"ETH","BUY",0.076899,2600.81,"2021-05-20 09:25:00+00",,"2022-11-24 12:40:24.194297+00","2022-11-24 12:40:24.194297+00","ROBINHOOD"
374,"GOOG","BUY",0.085909,2328.04,"2021-05-20 13:30:00+00",,"2022-11-24 12:40:24.198969+00","2022-11-24 12:40:24.198969+00","ROBINHOOD"
375,"BTC","BUY",0.00249812,40054.01,"2021-05-20 18:51:00+00",,"2022-11-24 12:40:24.203517+00","2022-11-24 12:40:24.203517+00","ROBINHOOD"
376,"ETH","BUY",0.070562,2836.68,"2021-05-20 23:01:00+00",,"2022-11-24 12:40:24.207818+00","2022-11-24 12:40:24.207818+00","ROBINHOOD"
377,"ETH","BUY",0.037025,2700.55,"2021-05-21 08:34:00+00",,"2022-11-24 12:40:24.212585+00","2022-11-24 12:40:24.212585+00","ROBINHOOD"
378,"GOOG","BUY",0.084531,2366,"2021-05-21 13:30:00+00",,"2022-11-24 12:40:24.217303+00","2022-11-24 12:40:24.217303+00","ROBINHOOD"
379,"SQ","BUY",1.450669,206.8,"2021-05-21 13:30:00+00",,"2022-11-24 12:40:24.22191+00","2022-11-24 12:40:24.22191+00","ROBINHOOD"
380,"TSLA","BUY",0.335188,596.68,"2021-05-21 13:30:00+00",,"2022-11-24 12:40:24.226532+00","2022-11-24 12:40:24.226532+00","ROBINHOOD"
381,"NVDA","BUY",0.412691,605.78,"2021-05-21 13:30:00+00",,"2022-11-24 12:40:24.231323+00","2022-11-24 12:40:24.231323+00","ROBINHOOD"
382,"ETH","BUY",0.083971,2382.14,"2021-05-21 23:05:00+00",,"2022-11-24 12:40:24.236028+00","2022-11-24 12:40:24.236028+00","ROBINHOOD"
383,"BTC","BUY",0.00520932,38392.67,"2021-05-24 12:59:00+00",,"2022-11-24 12:40:24.240731+00","2022-11-24 12:40:24.240731+00","ROBINHOOD"
384,"GOOG","BUY",0.833886,2398.41,"2021-05-24 14:16:00+00",,"2022-11-24 12:40:24.246095+00","2022-11-24 12:40:24.246095+00","ROBINHOOD"
385,"AAPL","BUY",7.964954,125.55,"2021-05-28 13:30:00+00",,"2022-11-24 12:40:24.250344+00","2022-11-24 12:40:24.250344+00","ROBINHOOD"
386,"ABNB","BUY",0.695313,143.82,"2021-06-01 13:30:00+00",,"2022-11-24 12:40:24.255038+00","2022-11-24 12:40:24.255038+00","ROBINHOOD"
387,"AAPL","BUY",7.990416,125.15,"2021-06-01 13:30:00+00",,"2022-11-24 12:40:24.259548+00","2022-11-24 12:40:24.259548+00","ROBINHOOD"
388,"GOOG","BUY",0.41288,2422.01,"2021-06-01 13:30:00+00",,"2022-11-24 12:40:24.264408+00","2022-11-24 12:40:24.264409+00","ROBINHOOD"
389,"SQ","BUY",4.484322,223,"2021-06-01 13:32:00+00",,"2022-11-24 12:40:24.269051+00","2022-11-24 12:40:24.269052+00","ROBINHOOD"
390,"UAL","SELL",3.355704,59.6,"2021-06-01 17:07:00+00",,"2022-11-24 12:40:24.277333+00","2022-11-24 12:40:24.277333+00","ROBINHOOD"
391,"SQ","BUY",0.913242,219,"2021-06-03 13:30:00+00",,"2022-11-24 12:40:24.2883+00","2022-11-24 12:40:24.288301+00","ROBINHOOD"
392,"NVDA","BUY",0.149693,668.03,"2021-06-03 13:30:00+00",,"2022-11-24 12:40:24.293043+00","2022-11-24 12:40:24.293043+00","ROBINHOOD"
393,"UAL","SELL",2.519665,59.53,"2021-06-03 13:30:00+00",,"2022-11-24 12:40:24.3003+00","2022-11-24 12:40:24.3003+00","ROBINHOOD"
394,"NVDA","BUY",0.699878,714.41,"2021-06-16 15:52:00+00",,"2022-11-24 12:40:24.312696+00","2022-11-24 12:40:24.312696+00","ROBINHOOD"
395,"ABNB","BUY",1.321964,151.29,"2021-06-16 15:52:00+00",,"2022-11-24 12:40:24.317369+00","2022-11-24 12:40:24.317369+00","ROBINHOOD"
396,"SQ","BUY",2.207403,226.51,"2021-06-16 15:54:00+00",,"2022-11-24 12:40:24.321585+00","2022-11-24 12:40:24.321585+00","ROBINHOOD"
397,"GOOG","BUY",0.396378,2522.84,"2021-06-16 15:54:00+00",,"2022-11-24 12:40:24.326337+00","2022-11-24 12:40:24.326337+00","ROBINHOOD"
398,"AAPL","BUY",7.674302,130.31,"2021-06-16 15:54:00+00",,"2022-11-24 12:40:24.330861+00","2022-11-24 12:40:24.330861+00","ROBINHOOD"
399,"DIS","BUY",1.165925,171.54,"2021-06-21 13:30:00+00",,"2022-11-24 12:40:24.335415+00","2022-11-24 12:40:24.335415+00","ROBINHOOD"
400,"GOOG","BUY",0.393725,2539.84,"2021-06-23 17:17:00+00",,"2022-11-24 12:40:24.340318+00","2022-11-24 12:40:24.340318+00","ROBINHOOD"
401,"DOGE","BUY",429.14,0.233208,"2021-06-24 08:02:00+00",,"2022-11-24 12:40:24.345501+00","2022-11-24 12:40:24.345501+00","ROBINHOOD"
402,"TSLA","BUY",1.488886,671.64,"2021-06-28 13:30:00+00",,"2022-11-24 12:40:24.35034+00","2022-11-24 12:40:24.35034+00","ROBINHOOD"
403,"BTC","BUY",0.02876659,34758.22,"2021-06-29 06:14:00+00",,"2022-11-24 12:40:24.354832+00","2022-11-24 12:40:24.354832+00","ROBINHOOD"
404,"TSLA","BUY",1.459598,685.12,"2021-06-29 13:30:00+00",,"2022-11-24 12:40:24.36006+00","2022-11-24 12:40:24.36006+00","ROBINHOOD"
405,"TSLA","BUY",1.46873,680.86,"2021-06-30 19:42:00+00",,"2022-11-24 12:40:24.365271+00","2022-11-24 12:40:24.365271+00","ROBINHOOD"
406,"NVDA","BUY",0.602507,829.87,"2021-07-06 13:30:00+00",,"2022-11-24 12:40:24.369155+00","2022-11-24 12:40:24.369155+00","ROBINHOOD"
407,"DOGE","BUY",4585.64,0.218074,"2021-07-10 07:26:00+00",,"2022-11-24 12:40:24.373567+00","2022-11-24 12:40:24.373567+00","ROBINHOOD"
408,"NVDA","BUY",0.617283,810,"2021-07-12 13:30:00+00",,"2022-11-24 12:40:24.378875+00","2022-11-24 12:40:24.378876+00","ROBINHOOD"
409,"NVDA","BUY",0.131074,762.93,"2021-07-15 17:10:00+00",,"2022-11-24 12:40:24.392906+00","2022-11-24 12:40:24.392906+00","ROBINHOOD"
410,"NVDA","BUY",1.020933,195.9,"2021-07-22 20:35:00+00",,"2022-11-24 12:40:24.434382+00","2022-11-24 12:40:24.434382+00","ROBINHOOD"
411,"SQ","BUY",0.38331,260.89,"2021-07-22 20:36:00+00",,"2022-11-24 12:40:24.439321+00","2022-11-24 12:40:24.439321+00","ROBINHOOD"
412,"AAPL","BUY",0.680596,146.93,"2021-07-22 20:37:00+00",,"2022-11-24 12:40:24.443861+00","2022-11-24 12:40:24.443861+00","ROBINHOOD"
413,"HOOD","BUY",20,38,"2021-07-29 16:24:00+00",,"2022-11-24 12:40:24.448538+00","2022-11-24 12:40:24.448538+00","ROBINHOOD"
414,"HOOD","SELL",14.641117,34.16,"2021-07-29 16:39:00+00",,"2022-11-24 12:40:24.455392+00","2022-11-24 12:40:24.455392+00","ROBINHOOD"
415,"NVDA","BUY",1.030061,194.16,"2021-07-30 16:35:00+00",,"2022-11-24 12:40:24.462806+00","2022-11-24 12:40:24.462806+00","ROBINHOOD"
416,"HOOD","SELL",2.634351,37.96,"2021-08-03 13:30:00+00",,"2022-11-24 12:40:24.469862+00","2022-11-24 12:40:24.469862+00","ROBINHOOD"
417,"ETH","BUY",0.045054,3329.35,"2021-08-14 09:48:00+00",,"2022-11-24 12:40:24.477367+00","2022-11-24 12:40:24.477367+00","ROBINHOOD"
418,"BTC","SELL",0.01993497,50163.09,"2021-08-23 08:23:00+00",,"2022-11-24 12:40:24.485411+00","2022-11-24 12:40:24.485411+00","ROBINHOOD"
419,"BTC","SELL",0.00398753,50155.95,"2021-08-23 08:23:00+00",,"2022-11-24 12:40:24.512798+00","2022-11-24 12:40:24.512798+00","ROBINHOOD"
420,"COIN","BUY",1.901135,263,"2021-08-23 13:30:00+00",,"2022-11-24 12:40:24.523073+00","2022-11-24 12:40:24.523073+00","ROBINHOOD"
421,"GOOG","BUY",0.03597,2780.09,"2021-08-23 13:30:00+00",,"2022-11-24 12:40:24.527796+00","2022-11-24 12:40:24.527796+00","ROBINHOOD"
422,"COIN","BUY",0.6844,263,"2021-08-23 13:30:00+00",,"2022-11-24 12:40:24.532387+00","2022-11-24 12:40:24.532388+00","ROBINHOOD"
423,"NVDA","BUY",0.953613,209.73,"2021-08-23 13:30:00+00",,"2022-11-24 12:40:24.537882+00","2022-11-24 12:40:24.537882+00","ROBINHOOD"
424,"GOOG","BUY",0.359714,2779.99,"2021-08-23 13:30:00+00",,"2022-11-24 12:40:24.543415+00","2022-11-24 12:40:24.543416+00","ROBINHOOD"
425,"AAPL","BUY",3.373798,148.2,"2021-08-23 13:30:00+00",,"2022-11-24 12:40:24.549097+00","2022-11-24 12:40:24.549097+00","ROBINHOOD"
426,"AAPL","BUY",0.674773,148.2,"2021-08-23 13:30:00+00",,"2022-11-24 12:40:24.554118+00","2022-11-24 12:40:24.554118+00","ROBINHOOD"
427,"GOOG","BUY",0.174968,2857.67,"2021-08-25 13:30:00+00",,"2022-11-24 12:40:24.558433+00","2022-11-24 12:40:24.558433+00","ROBINHOOD"
428,"AAPL","BUY",0.667957,149.71,"2021-08-25 13:30:00+00",,"2022-11-24 12:40:24.56364+00","2022-11-24 12:40:24.56364+00","ROBINHOOD"
429,"COIN","BUY",0.389098,257,"2021-08-25 13:30:00+00",,"2022-11-24 12:40:24.568254+00","2022-11-24 12:40:24.568254+00","ROBINHOOD"
430,"SFIX","BUY",3.291769,42.53,"2021-08-25 13:30:00+00",,"2022-11-24 12:40:24.572969+00","2022-11-24 12:40:24.572969+00","ROBINHOOD"
431,"NVDA","BUY",0.459963,217.41,"2021-08-25 13:30:00+00",,"2022-11-24 12:40:24.577597+00","2022-11-24 12:40:24.577597+00","ROBINHOOD"
432,"NVDA","BUY",0.45045,222,"2021-08-26 13:30:00+00",,"2022-11-24 12:40:24.582663+00","2022-11-24 12:40:24.582663+00","ROBINHOOD"
433,"SQ","BUY",0.740821,269.97,"2021-08-31 17:17:00+00",,"2022-11-24 12:40:24.587802+00","2022-11-24 12:40:24.587802+00","ROBINHOOD"
434,"NVDA","BUY",0.891047,224.46,"2021-08-31 17:17:00+00",,"2022-11-24 12:40:24.592575+00","2022-11-24 12:40:24.592575+00","ROBINHOOD"
435,"AAPL","BUY",3.281162,152.39,"2021-08-31 17:18:00+00",,"2022-11-24 12:40:24.597825+00","2022-11-24 12:40:24.597825+00","ROBINHOOD"
436,"COIN","BUY",0.578559,259.26,"2021-08-31 17:19:00+00",,"2022-11-24 12:40:24.621559+00","2022-11-24 12:40:24.621559+00","ROBINHOOD"
437,"MSFT","BUY",3.299785,303.05,"2021-08-31 17:22:00+00",,"2022-11-24 12:40:24.627467+00","2022-11-24 12:40:24.627468+00","ROBINHOOD"
438,"CRM","BUY",1.87871,266.14,"2021-08-31 17:23:00+00",,"2022-11-24 12:40:24.633439+00","2022-11-24 12:40:24.633439+00","ROBINHOOD"
439,"TEAM","BUY",0.681328,366.93,"2021-08-31 17:24:00+00",,"2022-11-24 12:40:24.638501+00","2022-11-24 12:40:24.638501+00","ROBINHOOD"
440,"NVDA","BUY",0.444463,224.99,"2021-09-01 13:30:00+00",,"2022-11-24 12:40:24.64355+00","2022-11-24 12:40:24.64355+00","ROBINHOOD"
441,"BTC","SELL",0.03970936,50368.48,"2021-09-04 09:48:00+00",,"2022-11-24 12:40:24.655613+00","2022-11-24 12:40:24.655613+00","ROBINHOOD"
442,"BTC","SELL",0.01,51727.57,"2021-09-06 01:42:00+00",,"2022-11-24 12:40:24.710954+00","2022-11-24 12:40:24.710954+00","ROBINHOOD"
443,"AAPL","BUY",0.645161,155,"2021-09-10 13:30:00+00",,"2022-11-24 12:40:24.728707+00","2022-11-24 12:40:24.728707+00","ROBINHOOD"
444,"NVDA","BUY",0.447729,223.35,"2021-09-10 13:30:00+00",,"2022-11-24 12:40:24.733516+00","2022-11-24 12:40:24.733516+00","ROBINHOOD"
445,"SQ","BUY",0.790858,252.89,"2021-09-10 13:30:00+00",,"2022-11-24 12:40:24.740525+00","2022-11-24 12:40:24.740525+00","ROBINHOOD"
446,"COIN","BUY",0.776367,257.61,"2021-09-10 13:30:00+00",,"2022-11-24 12:40:24.745771+00","2022-11-24 12:40:24.745771+00","ROBINHOOD"
447,"GOOG","BUY",0.034915,2864.1,"2021-09-13 13:30:00+00",,"2022-11-24 12:40:24.750502+00","2022-11-24 12:40:24.750502+00","ROBINHOOD"
448,"SQ","BUY",0.402026,248.74,"2021-09-13 13:30:00+00",,"2022-11-24 12:40:24.755423+00","2022-11-24 12:40:24.755423+00","ROBINHOOD"
449,"NVDA","BUY",0.440858,226.83,"2021-09-13 13:30:00+00",,"2022-11-24 12:40:24.759893+00","2022-11-24 12:40:24.759893+00","ROBINHOOD"
450,"COIN","BUY",0.811197,246.55,"2021-09-13 13:30:00+00",,"2022-11-24 12:40:24.764474+00","2022-11-24 12:40:24.764474+00","ROBINHOOD"
451,"AAPL","BUY",0.673783,148.42,"2021-09-16 13:30:00+00",,"2022-11-24 12:40:24.769127+00","2022-11-24 12:40:24.769127+00","ROBINHOOD"
452,"AAPL","BUY",1.368878,146.11,"2021-09-17 18:50:00+00",,"2022-11-24 12:40:24.77386+00","2022-11-24 12:40:24.77386+00","ROBINHOOD"
453,"GOOG","BUY",0.070685,2829.45,"2021-09-17 18:50:00+00",,"2022-11-24 12:40:24.77882+00","2022-11-24 12:40:24.77882+00","ROBINHOOD"
454,"NVDA","BUY",2.725909,220.11,"2021-09-17 18:51:00+00",,"2022-11-24 12:40:24.783371+00","2022-11-24 12:40:24.783371+00","ROBINHOOD"
455,"NVDA","BUY",0.472464,211.66,"2021-09-20 13:30:00+00",,"2022-11-24 12:40:24.78864+00","2022-11-24 12:40:24.788641+00","ROBINHOOD"
456,"NVDA","BUY",2.374103,210.61,"2021-09-20 15:16:00+00",,"2022-11-24 12:40:24.793444+00","2022-11-24 12:40:24.793444+00","ROBINHOOD"
457,"SQ","BUY",1.203867,249.2,"2021-09-20 15:17:00+00",,"2022-11-24 12:40:24.79814+00","2022-11-24 12:40:24.79814+00","ROBINHOOD"
458,"AAPL","BUY",1.396794,143.19,"2021-09-20 15:18:00+00",,"2022-11-24 12:40:24.802535+00","2022-11-24 12:40:24.802536+00","ROBINHOOD"
459,"NVDA","BUY",0.948316,210.9,"2021-09-20 20:11:00+00",,"2022-11-24 12:40:24.807796+00","2022-11-24 12:40:24.807796+00","ROBINHOOD"
460,"DIS","BUY",1.122708,178.14,"2021-09-20 20:12:00+00",,"2022-11-24 12:40:24.812508+00","2022-11-24 12:40:24.812508+00","ROBINHOOD"
461,"SQ","BUY",1.20275,249.43,"2021-09-20 20:12:00+00",,"2022-11-24 12:40:24.817622+00","2022-11-24 12:40:24.817622+00","ROBINHOOD"
462,"ETH","BUY",0.2,3067.05,"2021-09-20 20:13:00+00",,"2022-11-24 12:40:24.822435+00","2022-11-24 12:40:24.822435+00","ROBINHOOD"
463,"COIN","BUY",1.265789,237.01,"2021-09-21 13:30:00+00",,"2022-11-24 12:40:24.827113+00","2022-11-24 12:40:24.827114+00","ROBINHOOD"
464,"ABNB","BUY",0.58292,171.55,"2021-09-23 13:30:00+00",,"2022-11-24 12:40:24.832206+00","2022-11-24 12:40:24.832206+00","ROBINHOOD"
465,"NVDA","BUY",0.452284,221.1,"2021-09-23 13:30:00+00",,"2022-11-24 12:40:24.836948+00","2022-11-24 12:40:24.836949+00","ROBINHOOD"
466,"SFIX","BUY",2.466699,40.54,"2021-09-23 13:30:00+00",,"2022-11-24 12:40:24.84189+00","2022-11-24 12:40:24.841891+00","ROBINHOOD"
467,"SQ","BUY",0.379161,263.74,"2021-09-23 13:31:00+00",,"2022-11-24 12:40:24.846375+00","2022-11-24 12:40:24.846375+00","ROBINHOOD"
468,"BTC","SELL",0.005,42305.35,"2021-09-29 08:18:00+00",,"2022-11-24 12:40:24.85521+00","2022-11-24 12:40:24.85521+00","ROBINHOOD"
469,"SQ","BUY",1.019148,245.3,"2021-09-29 13:31:00+00",,"2022-11-24 12:40:24.868291+00","2022-11-24 12:40:24.868291+00","ROBINHOOD"
470,"ETH","SELL",0.5,3276.98,"2021-10-02 06:34:00+00",,"2022-11-24 12:40:24.876081+00","2022-11-24 12:40:24.876081+00","ROBINHOOD"
471,"SQ","BUY",2.12315,235.5,"2021-10-04 13:30:00+00",,"2022-11-24 12:40:24.903085+00","2022-11-24 12:40:24.903085+00","ROBINHOOD"
472,"ETH","SELL",0.6,3372.31,"2021-10-05 06:01:00+00",,"2022-11-24 12:40:24.910915+00","2022-11-24 12:40:24.910915+00","ROBINHOOD"
473,"NVDA","BUY",2.505637,199.55,"2021-10-05 13:30:00+00",,"2022-11-24 12:40:24.93799+00","2022-11-24 12:40:24.93799+00","ROBINHOOD"
474,"AAPL","BUY",1.433678,139.5,"2021-10-05 13:30:00+00",,"2022-11-24 12:40:24.942396+00","2022-11-24 12:40:24.942396+00","ROBINHOOD"
475,"ABNB","BUY",0.604254,165.49,"2021-10-05 13:30:00+00",,"2022-11-24 12:40:24.947187+00","2022-11-24 12:40:24.947187+00","ROBINHOOD"
476,"GOOG","BUY",0.074627,2680,"2021-10-05 13:30:00+00",,"2022-11-24 12:40:24.951584+00","2022-11-24 12:40:24.951584+00","ROBINHOOD"
477,"SQ","BUY",2.205646,226.69,"2021-10-05 13:31:00+00",,"2022-11-24 12:40:24.956468+00","2022-11-24 12:40:24.956469+00","ROBINHOOD"
478,"BTC","SELL",0.005,51523.44,"2021-10-06 06:47:00+00",,"2022-11-24 12:40:24.964024+00","2022-11-24 12:40:24.964025+00","ROBINHOOD"
479,"UAL","SELL",2.008426,49.79,"2021-10-06 13:30:00+00",,"2022-11-24 12:40:24.978775+00","2022-11-24 12:40:24.978775+00","ROBINHOOD"
480,"BTC","SELL",0.02,57353.05,"2021-10-12 08:43:00+00",,"2022-11-24 12:40:24.98888+00","2022-11-24 12:40:24.98888+00","ROBINHOOD"
481,"SQ","BUY",0.420026,238.08,"2021-10-12 13:31:00+00",,"2022-11-24 12:40:25.015283+00","2022-11-24 12:40:25.015283+00","ROBINHOOD"
482,"BTC","SELL",0.02,57356.99,"2021-10-14 10:19:00+00",,"2022-11-24 12:40:25.022961+00","2022-11-24 12:40:25.022961+00","ROBINHOOD"
483,"ETH","SELL",0.2,3629.26,"2021-10-14 10:20:00+00",,"2022-11-24 12:40:25.043441+00","2022-11-24 12:40:25.043441+00","ROBINHOOD"
484,"BTC","SELL",0.017,61488.61,"2021-10-16 10:10:00+00",,"2022-11-24 12:40:25.053774+00","2022-11-24 12:40:25.053775+00","ROBINHOOD"
485,"BTC","SELL",0.02126702,61669.6,"2021-10-19 08:38:00+00",,"2022-11-24 12:40:25.072226+00","2022-11-24 12:40:25.072226+00","ROBINHOOD"
486,"NVDA","BUY",2.243148,222.9,"2021-10-19 13:30:00+00",,"2022-11-24 12:40:25.079871+00","2022-11-24 12:40:25.079871+00","ROBINHOOD"
487,"AAPL","BUY",1.360525,147,"2021-10-19 13:30:00+00",,"2022-11-24 12:40:25.084499+00","2022-11-24 12:40:25.084499+00","ROBINHOOD"
488,"SQ","BUY",0.395961,252.55,"2021-10-25 13:30:00+00",,"2022-11-24 12:40:25.089799+00","2022-11-24 12:40:25.089799+00","ROBINHOOD"
489,"AAPL","BUY",1.344989,148.7,"2021-10-25 13:30:00+00",,"2022-11-24 12:40:25.094446+00","2022-11-24 12:40:25.094446+00","ROBINHOOD"
490,"SQ","BUY",0.381795,261.92,"2021-10-27 13:30:00+00",,"2022-11-24 12:40:25.098857+00","2022-11-24 12:40:25.098857+00","ROBINHOOD"
491,"COIN","BUY",0.625371,319.81,"2021-10-28 13:30:00+00",,"2022-11-24 12:40:25.103723+00","2022-11-24 12:40:25.103723+00","ROBINHOOD"
492,"SQ","BUY",0.388726,257.25,"2021-10-28 13:30:00+00",,"2022-11-24 12:40:25.108821+00","2022-11-24 12:40:25.108821+00","ROBINHOOD"
493,"AMZN","BUY",0.090908,3300.04,"2021-10-29 13:30:00+00",,"2022-11-24 12:40:25.113278+00","2022-11-24 12:40:25.113278+00","ROBINHOOD"
494,"COIN","BUY",0.594659,336.33,"2021-11-02 13:30:00+00",,"2022-11-24 12:40:25.120054+00","2022-11-24 12:40:25.120055+00","ROBINHOOD"
495,"SQ","BUY",0.395723,252.7,"2021-11-02 13:31:00+00",,"2022-11-24 12:40:25.124849+00","2022-11-24 12:40:25.124849+00","ROBINHOOD"
496,"SQ","BUY",1.260566,237.99,"2021-11-08 14:30:00+00",,"2022-11-24 12:40:25.12999+00","2022-11-24 12:40:25.12999+00","ROBINHOOD"
497,"XLNX","BUY",1.489277,201.44,"2021-11-08 14:30:00+00",,"2022-11-24 12:40:25.134813+00","2022-11-24 12:40:25.134813+00","ROBINHOOD"
498,"TSLA","SELL",5.135443,1168.35,"2021-11-08 14:52:00+00",,"2022-11-24 12:40:25.1422+00","2022-11-24 12:40:25.1422+00","ROBINHOOD"
499,"TSLA","BUY",2.557061,1173.22,"2021-11-09 14:30:00+00",,"2022-11-24 12:40:25.174433+00","2022-11-24 12:40:25.174433+00","ROBINHOOD"
500,"XLNX","BUY",4.924167,203.08,"2021-11-09 19:50:00+00",,"2022-11-24 12:40:25.179479+00","2022-11-24 12:40:25.179479+00","ROBINHOOD"
501,"TSLA","BUY",0.287677,1042.84,"2021-11-09 19:51:00+00",,"2022-11-24 12:40:25.184208+00","2022-11-24 12:40:25.184208+00","ROBINHOOD"
502,"NVDA","BUY",0.327906,304.97,"2021-11-09 19:52:00+00",,"2022-11-24 12:40:25.190348+00","2022-11-24 12:40:25.190348+00","ROBINHOOD"
503,"COIN","BUY",0.284179,351.89,"2021-11-09 19:53:00+00",,"2022-11-24 12:40:25.195781+00","2022-11-24 12:40:25.195781+00","ROBINHOOD"
504,"SQ","BUY",0.870033,229.88,"2021-11-09 19:53:00+00",,"2022-11-24 12:40:25.200718+00","2022-11-24 12:40:25.200718+00","ROBINHOOD"
505,"AAPL","BUY",0.66302,150.83,"2021-11-09 19:54:00+00",,"2022-11-24 12:40:25.205677+00","2022-11-24 12:40:25.205677+00","ROBINHOOD"
506,"DIS","BUY",0.571869,174.87,"2021-11-09 19:54:00+00",,"2022-11-24 12:40:25.210432+00","2022-11-24 12:40:25.210432+00","ROBINHOOD"
507,"COIN","BUY",3.057172,327.1,"2021-11-10 14:30:00+00",,"2022-11-24 12:40:25.215441+00","2022-11-24 12:40:25.215441+00","ROBINHOOD"
508,"TSLA","BUY",0.976592,1023.97,"2021-11-10 19:57:00+00",,"2022-11-24 12:40:25.220489+00","2022-11-24 12:40:25.220489+00","ROBINHOOD"
509,"COIN","BUY",0.302701,330.36,"2021-11-10 19:59:00+00",,"2022-11-24 12:40:25.22499+00","2022-11-24 12:40:25.22499+00","ROBINHOOD"
510,"SQ","BUY",0.423567,236.09,"2021-11-15 16:12:00+00",,"2022-11-24 12:40:25.229661+00","2022-11-24 12:40:25.229661+00","ROBINHOOD"
511,"AAPL","BUY",0.665402,150.29,"2021-11-15 16:13:00+00",,"2022-11-24 12:40:25.234378+00","2022-11-24 12:40:25.234378+00","ROBINHOOD"
512,"TSLA","BUY",0.298804,1004,"2021-11-16 14:30:00+00",,"2022-11-24 12:40:25.23909+00","2022-11-24 12:40:25.23909+00","ROBINHOOD"
513,"SQ","BUY",0.473911,211.01,"2021-11-26 14:30:00+00",,"2022-11-24 12:40:25.243434+00","2022-11-24 12:40:25.243434+00","ROBINHOOD"
514,"DIS","BUY",0.682609,146.5,"2021-11-26 14:31:00+00",,"2022-11-24 12:40:25.247934+00","2022-11-24 12:40:25.247934+00","ROBINHOOD"
515,"ETH","BUY",0.125,4058.83,"2021-11-28 09:15:00+00",,"2022-11-24 12:40:25.252673+00","2022-11-24 12:40:25.252674+00","ROBINHOOD"
516,"COIN","BUY",0.32,312.5,"2021-11-29 14:30:00+00",,"2022-11-24 12:40:25.257401+00","2022-11-24 12:40:25.257401+00","ROBINHOOD"
517,"SQ","BUY",0.454545,220,"2021-11-29 14:31:00+00",,"2022-11-24 12:40:25.262115+00","2022-11-24 12:40:25.262115+00","ROBINHOOD"
518,"XLNX","BUY",0.859535,232.68,"2021-11-30 14:30:00+00",,"2022-11-24 12:40:25.267105+00","2022-11-24 12:40:25.267105+00","ROBINHOOD"
519,"COIN","BUY",0.156025,320.46,"2021-11-30 14:30:00+00",,"2022-11-24 12:40:25.271945+00","2022-11-24 12:40:25.271946+00","ROBINHOOD"
520,"BTC","BUY",0.02,57219.3,"2021-12-01 10:07:00+00",,"2022-11-24 12:40:25.276571+00","2022-11-24 12:40:25.276571+00","ROBINHOOD"
521,"AMZN","BUY",0.056444,3543.34,"2021-12-01 14:30:00+00",,"2022-11-24 12:40:25.281271+00","2022-11-24 12:40:25.281271+00","ROBINHOOD"
522,"SQ","BUY",0.476339,209.93,"2021-12-01 14:30:00+00",,"2022-11-24 12:40:25.285883+00","2022-11-24 12:40:25.285883+00","ROBINHOOD"
523,"AAPL","BUY",0.597337,167.41,"2021-12-01 14:30:00+00",,"2022-11-24 12:40:25.290809+00","2022-11-24 12:40:25.290809+00","ROBINHOOD"
524,"TSLA","BUY",0.172413,1160.01,"2021-12-01 14:30:00+00",,"2022-11-24 12:40:25.295683+00","2022-11-24 12:40:25.295683+00","ROBINHOOD"
525,"COIN","BUY",0.33887,295.1,"2021-12-02 14:30:00+00",,"2022-11-24 12:40:25.301063+00","2022-11-24 12:40:25.301063+00","ROBINHOOD"
526,"SQ","BUY",1.566245,191.54,"2021-12-02 14:32:00+00",,"2022-11-24 12:40:25.306363+00","2022-11-24 12:40:25.306364+00","ROBINHOOD"
527,"COIN","BUY",0.350271,285.49,"2021-12-03 14:30:00+00",,"2022-11-24 12:40:25.311616+00","2022-11-24 12:40:25.311616+00","ROBINHOOD"
528,"SQ","BUY",1.104536,181.07,"2021-12-10 20:56:00+00",,"2022-11-24 12:40:25.3172+00","2022-11-24 12:40:25.3172+00","ROBINHOOD"
529,"NVDA","BUY",0.722595,276.78,"2021-12-14 14:30:00+00",,"2022-11-24 12:40:25.323538+00","2022-11-24 12:40:25.323538+00","ROBINHOOD"
530,"TSLA","BUY",0.211646,944.97,"2021-12-14 14:30:00+00",,"2022-11-24 12:40:25.328948+00","2022-11-24 12:40:25.328948+00","ROBINHOOD"
531,"SQ","BUY",1.16959,171,"2021-12-14 14:31:00+00",,"2022-11-24 12:40:25.333668+00","2022-11-24 12:40:25.333669+00","ROBINHOOD"
532,"SQ","BUY",1.237623,161.6,"2021-12-31 21:26:00+00",,"2022-11-24 12:40:25.33848+00","2022-11-24 12:40:25.33848+00","ROBINHOOD"
533,"NVDA","BUY",0.339841,294.26,"2021-12-31 21:26:00+00",,"2022-11-24 12:40:25.343638+00","2022-11-24 12:40:25.343638+00","ROBINHOOD"
534,"AAPL","BUY",1.126449,177.55,"2021-12-31 21:27:00+00",,"2022-11-24 12:40:25.351189+00","2022-11-24 12:40:25.351189+00","ROBINHOOD"
535,"COIN","BUY",0.390274,256.23,"2022-01-03 14:30:00+00",,"2022-11-24 12:40:25.357214+00","2022-11-24 12:40:25.357214+00","ROBINHOOD"
536,"SQ","BUY",1.39616,143.25,"2022-01-07 14:30:00+00",,"2022-11-24 12:40:25.363004+00","2022-11-24 12:40:25.363005+00","ROBINHOOD"
537,"ETH","SELL",2.6183,3303.14,"2022-01-14 23:55:00+00",,"2022-11-24 12:40:25.374604+00","2022-11-24 12:40:25.374604+00","ROBINHOOD"
538,"BTC","SELL",0.02,42991.55,"2022-01-14 23:55:00+00",,"2022-11-24 12:40:25.474055+00","2022-11-24 12:40:25.474055+00","ROBINHOOD"
539,"XLNX","SELL",7.272979,216.02,"2022-02-02 14:37:00+00",,"2022-11-24 12:40:25.486049+00","2022-11-24 12:40:25.486049+00","ROBINHOOD"
540,"AAPL","BUY",0.752782,132.84,"2022-06-13 13:30:00+00",,"2022-11-24 12:40:25.511834+00","2022-11-24 12:40:25.511835+00","ROBINHOOD"
541,"TSLA","BUY",0.074738,669,"2022-06-13 13:30:00+00",,"2022-11-24 12:40:25.516766+00","2022-11-24 12:40:25.516766+00","ROBINHOOD"
542,"AMZN","BUY",0.960694,104.09,"2022-06-13 13:30:00+00",,"2022-11-24 12:40:25.521578+00","2022-11-24 12:40:25.521578+00","ROBINHOOD"
543,"TSLA","BUY",0.133666,748.13,"2022-06-27 13:30:00+00",,"2022-11-24 12:40:25.527734+00","2022-11-24 12:40:25.527734+00","ROBINHOOD"
544,"AAPL","BUY",0.70077,142.7,"2022-06-27 13:30:00+00",,"2022-11-24 12:40:25.53365+00","2022-11-24 12:40:25.53365+00","ROBINHOOD"
545,"GOOG","BUY",0.041975,2382.37,"2022-06-27 13:30:00+00",,"2022-11-24 12:40:25.538582+00","2022-11-24 12:40:25.538582+00","ROBINHOOD"
546,"AMZN","BUY",0.876439,114.1,"2022-07-11 13:30:00+00",,"2022-11-24 12:40:25.543676+00","2022-11-24 12:40:25.543676+00","ROBINHOOD"
547,"MSFT","BUY",0.709849,281.75,"2022-08-04 13:30:00+00",,"2022-11-24 12:40:25.592534+00","2022-11-24 12:40:25.592534+00","ROBINHOOD"
548,"AMZN","BUY",0.701041,142.65,"2022-08-10 18:01:00+00",,"2022-11-24 12:40:25.597038+00","2022-11-24 12:40:25.597038+00","ROBINHOOD"
549,"NVDA","BUY",0.549194,182.09,"2022-08-11 17:40:00+00",,"2022-11-24 12:40:25.601457+00","2022-11-24 12:40:25.601457+00","ROBINHOOD"
550,"NVDA","BUY",2.326483,128.95,"2022-10-04 13:30:00+00",,"2022-11-24 12:40:25.635614+00","2022-11-24 12:40:25.635614+00","ROBINHOOD"
551,"AMZN","BUY",0.863667,115.79,"2022-10-21 15:16:00+00",,"2022-11-24 12:40:25.645461+00","2022-11-24 12:40:25.645461+00","ROBINHOOD"
552,"TSLA","BUY",0.437713,228.46,"2022-10-28 21:31:00+00",,"2022-11-24 12:40:25.651057+00","2022-11-24 12:40:25.651057+00","ROBINHOOD"
553,"AMZN","BUY",1.923079,104,"2022-11-01 13:30:00+00",,"2022-11-24 12:40:25.656303+00","2022-11-24 12:40:25.656303+00","ROBINHOOD"
554,"ABNB","BUY",0.9009,111,"2022-11-01 13:30:00+00",,"2022-11-24 12:40:25.661023+00","2022-11-24 12:40:25.661023+00","ROBINHOOD"
555,"CRM","BUY",1.212115,165,"2022-11-01 13:30:00+00",,"2022-11-24 12:40:25.665623+00","2022-11-24 12:40:25.665623+00","ROBINHOOD"
556,"NVDA","BUY",0.724621,138,"2022-11-01 13:30:00+00",,"2022-11-24 12:40:25.670376+00","2022-11-24 12:40:25.670376+00","ROBINHOOD"
557,"DIS","BUY",2.010353,99.49,"2022-11-04 19:49:00+00",,"2022-11-24 12:40:25.675119+00","2022-11-24 12:40:25.675119+00","ROBINHOOD"
558,"TSLA","BUY",0.483792,206.7,"2022-11-04 19:49:00+00",,"2022-11-24 12:40:25.679619+00","2022-11-24 12:40:25.679619+00","ROBINHOOD"
559,"AMZN","BUY",2.204342,90.73,"2022-11-04 19:50:00+00",,"2022-11-24 12:40:25.684254+00","2022-11-24 12:40:25.684254+00","ROBINHOOD"
560,"UAL","SELL",1.176844,42.49,"2022-11-04 19:50:00+00",,"2022-11-24 12:40:25.693216+00","2022-11-24 12:40:25.693216+00","ROBINHOOD"
561,"CRM","BUY",1.432151,139.65,"2022-11-04 19:51:00+00",,"2022-11-24 12:40:25.701922+00","2022-11-24 12:40:25.701922+00","ROBINHOOD"
562,"DIS","BUY",1.996007,100.2,"2022-11-07 19:19:00+00",,"2022-11-24 12:40:25.706797+00","2022-11-24 12:40:25.706798+00","ROBINHOOD"
563,"MSFT","SELL",4,244.86,"2022-11-22 21:09:00+00",,"2022-11-24 12:40:25.714049+00","2022-11-24 12:40:25.714049+00","ROBINHOOD"
564,"CRM","SELL",3,148.51,"2022-11-22 21:10:00+00",,"2022-11-24 12:40:25.728317+00","2022-11-24 12:40:25.728317+00","ROBINHOOD"
565,"COIN","SELL",13,43.16,"2022-11-22 21:11:00+00",,"2022-11-24 12:40:25.745686+00","2022-11-24 12:40:25.745686+00","ROBINHOOD"
566,"SQ","SELL",31,62.51,"2022-11-22 21:12:00+00",,"2022-11-24 12:40:25.795723+00","2022-11-24 12:40:25.795723+00","ROBINHOOD"
567,"SFIX","SELL",5,3.67,"2022-11-22 21:12:00+00",,"2022-11-24 12:40:25.878338+00","2022-11-24 12:40:25.878338+00","ROBINHOOD"
568,"DOGE","SELL",5306.22,0.077538,"2022-11-22 21:13:00+00",,"2022-11-24 12:40:25.893408+00","2022-11-24 12:40:25.893408+00","ROBINHOOD"
569,"GOOG","SELL",63,97.25,"2022-11-22 21:15:00+00",,"2022-11-24 12:40:25.913922+00","2022-11-24 12:40:25.913923+00","ROBINHOOD"
570,"DIS","SELL",7,96.1,"2022-11-22 21:15:00+00",,"2022-11-24 12:40:25.979986+00","2022-11-24 12:40:25.979986+00","ROBINHOOD"
571,"TSLA","SELL",19,169.98,"2022-11-22 21:16:00+00",,"2022-11-24 12:40:26.007382+00","2022-11-24 12:40:26.007382+00","ROBINHOOD"
572,"HOOD","SELL",2.724532,9.05,"2022-11-22 21:17:00+00",,"2022-11-24 12:40:26.042989+00","2022-11-24 12:40:26.042989+00","ROBINHOOD"
573,"AMZN","SELL",8,93.13,"2022-11-22 21:17:00+00",,"2022-11-24 12:40:26.052655+00","2022-11-24 12:40:26.052655+00","ROBINHOOD"
574,"UAL","SELL",8,43.39,"2022-11-22 21:18:00+00",,"2022-11-24 12:40:26.077333+00","2022-11-24 12:40:26.077333+00","ROBINHOOD"
575,"ABNB","SELL",8,95.16,"2022-11-22 21:37:00+00",,"2022-11-24 12:40:26.09008+00","2022-11-24 12:40:26.090081+00","ROBINHOOD"
576,"SPY","BUY",40,399.68,"2022-11-22 21:43:00+00",,"2022-11-24 12:40:26.11969+00","2022-11-24 12:40:26.11969+00","ROBINHOOD"
577,"TSLA","SELL",0.203586,169.9,"2022-11-22 21:46:00+00",,"2022-11-24 12:40:26.127257+00","2022-11-24 12:40:26.127257+00","ROBINHOOD"
578,"GOOG","SELL",0.0632,97.15,"2022-11-22 21:48:00+00",,"2022-11-24 12:40:26.140481+00","2022-11-24 12:40:26.140481+00","ROBINHOOD"
579,"COIN","SELL",0.466524,43.86,"2022-11-23 14:30:00+00",,"2022-11-24 12:40:26.155327+00","2022-11-24 12:40:26.155327+00","ROBINHOOD"
580,"ABNB","SELL",0.432139,95.64,"2022-11-23 14:30:00+00",,"2022-11-24 12:40:26.169601+00","2022-11-24 12:40:26.169602+00","ROBINHOOD"
581,"MSFT","SELL",0.009634,244.97,"2022-11-23 14:30:00+00",,"2022-11-24 12:40:26.180032+00","2022-11-24 12:40:26.180032+00","ROBINHOOD"
582,"UAL","SELL",0.198896,43.54,"2022-11-23 14:30:00+00",,"2022-11-24 12:40:26.189969+00","2022-11-24 12:40:26.189969+00","ROBINHOOD"
583,"TEAM","SELL",0.681328,117.07,"2022-11-23 14:30:00+00",,"2022-11-24 12:40:26.199449+00","2022-11-24 12:40:26.199449+00","ROBINHOOD"
584,"SFIX","SELL",0.975959,3.77,"2022-11-23 14:30:00+00",,"2022-11-24 12:40:26.209486+00","2022-11-24 12:40:26.209487+00","ROBINHOOD"
585,"SQ","SELL",0.921719,62.64,"2022-11-23 14:30:00+00",,"2022-11-24 12:40:26.219521+00","2022-11-24 12:40:26.219521+00","ROBINHOOD"
588,"SPY","SELL",5.05823,395.4,"2023-01-20 20:50:00+00",,"2023-02-28 06:18:40.289161+00","2023-02-28 06:18:40.289161+00","ROBINHOOD"
589,"SPY","SELL",12.362314,404.46,"2023-01-31 19:13:00+00",,"2023-02-28 06:18:40.336019+00","2023-02-28 06:18:40.336019+00","ROBINHOOD"
631,"VTI","BUY",2,191.12,"2023-01-06 00:00:00+00",,"2023-03-01 05:20:54.259459+00","2023-03-01 05:20:54.259459+00","TDA"
632,"TSLA","BUY",3,133.1162,"2023-01-20 00:00:00+00",,"2023-03-01 05:20:54.302793+00","2023-03-01 05:20:54.302793+00","TDA"
633,"SQ","BUY",4,76.1832,"2023-01-20 00:00:00+00",,"2023-03-01 05:20:54.310242+00","2023-03-01 05:20:54.310242+00","TDA"
634,"MSFT","BUY",3,239.995,"2023-01-20 00:00:00+00",,"2023-03-01 05:20:54.316117+00","2023-03-01 05:20:54.316117+00","TDA"
635,"TSLA","BUY",4,169.4399,"2023-01-30 00:00:00+00",,"2023-03-01 05:20:54.322897+00","2023-03-01 05:20:54.322897+00","TDA"
636,"COIN","BUY",4,59.38,"2023-01-31 00:00:00+00",,"2023-03-01 05:20:54.330456+00","2023-03-01 05:20:54.330456+00","TDA"
637,"GOOG","BUY",10,97.2464,"2023-02-16 00:00:00+00",,"2023-03-01 05:20:54.337068+00","2023-03-01 05:20:54.337068+00","TDA"
638,"NVDA","BUY",5,224.85,"2023-02-16 00:00:00+00",,"2023-03-01 05:20:54.345277+00","2023-03-01 05:20:54.345277+00","TDA"
639,"MSFT","BUY",3,265.2154,"2023-02-16 00:00:00+00",,"2023-03-01 05:20:54.351816+00","2023-03-01 05:20:54.351816+00","TDA"
640,"AAPL","BUY",10,152.1,"2023-02-17 00:00:00+00",,"2023-03-01 05:20:54.359292+00","2023-03-01 05:20:54.359293+00","TDA"
641,"TSLA","BUY",5,197.855,"2023-02-23 00:00:00+00",,"2023-03-01 05:20:54.366169+00","2023-03-01 05:20:54.366169+00","TDA"
